,well,sample_number,depth,strat_unit,strat_unit_Heederik1988,clay_percentage,0-2_micron,2-4_micron,4-8_micron,8-16_micron,16-25_micron,25-35_micron,35-50_micron,50-63_micron,63-75_micron,75-88_micron,88-105_micron,105-125_micron,125-150_micron,150-177_micron,177-210_micron,210-250_micron,250-300_micron,300-354_micron,354-420_micron,420-500_micron,500-600_micron,600-707_micron,707-850_micron,850-1000_micron,1000-1190_micron,1190-1410_micron,1410-1680_micron,1680-2000_micron,clay_fraction,phi_mean,phi_std,median_grain_size_mu,median_grain_size,kh_nitrogen_mDarcy,kv_nitrogen_mDarcy,helium_porosity,grain_density,porosity,kh,depth_log,GR,RHOB,DRHO,NPHI,kaolinite_fraction,illite_fraction,smectite_fraction,mixed_layer_fraction,chlorite_fraction,specific_surface_granular_fraction,ln_grainsize_mean,ln_grainsize_std,log10_grainsize_mean,log10_grainsize_std,median_grainsize
0,AST-02,79,1517.25,NLLFR,"Basaal Zand van Dongen",16.1,16.1,4.8,6.6,7.1,5,2.4,2.5,4.7,39.7,9.7,0.8,0.3,0,0,0,0.1,0,0.1,0.1,0,0,0,0,0,0,0,0,0,0.161,,,69,6.9E-05,9.14,,24.3,2.66,0.243,9.020478962E-15,1517.3,48.271393,2.246239,0.048097,26.179676,,,,,,101.068461319041,-10.7970246579907,1.58297507904487,-4.68908822993976,1.58297507904487,6.3097655059722E-05
1,AST-02,80,1517.75,NLLFR,"Basaal Zand van Dongen",13.6,13.6,5.4,12.8,13.1,9.1,4.4,9.6,17.1,12.3,0.7,0.3,0.2,0.1,0.1,0.1,0.1,0.1,0.1,0.2,0.1,0.1,0,0.1,0.1,0.1,0.1,0,0,0.136,,,56,5.6E-05,10.7,,28.4,2.65,0.284,1.056007931E-14,1517.8,50.471313,2.214602,0.027415,25.983631,,,,,,143.549090329391,-11.057564863472,1.43568916882876,-4.8022394034935,1.43568916882876,2.39146058553219E-05
2,AST-02,81,1518.22,NLLFR,"Basaal Zand van Dongen",56.7,56.7,0,1.6,1.6,1,0,3.8,11.6,20.7,1.8,0.2,0.1,0,0.1,0.1,0.1,0.1,0.2,0.1,0.1,0.1,0,0,0,0,0,0,0,0.567,,,69,6.9E-05,28.3,,30.7,2.66,0.307,2.792992939E-14,1518.2,49.193977,2.228571,0.030695,25.376404,,,,,,24.2654953476055,-12.7321295620529,2.55046271548177,-5.52949361167773,2.55046271548177,3.2718184844513E-07
3,AST-02,82,1518.75,NLLFR,"Basaal Zand van Dongen",16.2,16.2,6.4,8.1,6.8,5,2,3,9.5,38,3.9,0.3,0.1,0,0.1,0.1,0.1,0.1,0.2,0,0,0.1,0,0,0,0,0,0,0,0.162,,,69,6.9E-05,67.5,,28.8,2.66,0.288,6.661732275E-14,1518.8,51.049301,2.340439,0.059385,25.968479,,,,,,117.839433519406,-11.0362384709788,2.07809328349173,-4.79297746891337,2.07809328349173,5.02995961209688E-05
4,AST-02,83,1519.25,NLLFR,"Basaal Zand van Dongen",16.5,16.5,6.9,12.6,10.9,8.4,4.6,6.2,10.5,22.2,0.8,0.1,0,0,0.1,0,0,0,0.1,0,0.1,0,0,0,0,0,0,0,0,0.165,,,69,6.9E-05,2.42,,23.7,2.65,0.237,2.388354386E-15,1519.3,49.683685,2.256829,0.032711,25.871574,,,,,,148.004649020728,-11.7206999062238,2.54716545832405,-5.09023529331656,2.54716545832405,2.12490723516946E-05
5,AST-02,84,1519.8,NLLFR,"Basaal Zand van Dongen",15.9,15.9,5.2,12.2,12.2,9.6,6.3,11,17.4,8.9,0.5,0.2,0.1,0,0.1,0,0.1,0.1,0.1,0.1,0,0,0,0,0,0,0,0,0,0.159,,,56,5.6E-05,5.4,,27.2,2.65,0.272,5.32938582E-15,1519.8,46.468712,2.223472,0.031916,26.424896,,,,,,139.66304097031,-11.1464283984623,1.41815660756574,-4.84083234638238,1.41815660756574,1.74387075528432E-05
6,AST-02,85,1520.28,NLLFR,"Basaal Zand van Dongen",12.7,12.7,4,8.7,8.8,7.5,5.9,12.7,22.2,15.8,1.2,0.2,0,0,0.1,0,0,0,0.1,0.1,0,0,0,0,0,0,0,0,0,0.127,,,56,5.6E-05,16.4,,29.4,2.66,0.294,1.618554212E-14,1520.3,49.367485,2.212817,0.028684,26.405415,,,,,,113.612573816067,-10.9415815611965,1.51927579125054,-4.75186849532307,1.51927579125054,4.97014991556019E-05
7,AST-02,86,1520.75,NLLFR,"Basaal Zand van Dongen",13.4,13.4,8.2,12.1,11.5,8.2,4.6,8.1,5.7,25.5,1.8,0.2,0,0,0.1,0,0.1,0.1,0.1,0,0,0.2,0.1,0,0,0,0,0,0,0.134,,,69,6.9E-05,11.7,,22.9,2.65,0.229,1.154700261E-14,1520.8,47.7257,2.211485,0.025125,26.70826,,,,,,157.338022918909,-11.1198052488505,1.43196853166415,-4.82927005941546,1.43196853166415,2.13627566180866E-05
8,AST-02,87,1521.25,NLLFR,"Basaal Zand van Dongen",13.4,13.4,9,13,10.1,6.3,3.4,6.2,10.4,26.5,1.1,0.1,0.1,0,0.1,0.1,0.1,0.1,0,0,0,0,0,0,0,0,0,0,0,0.134,,,69,6.9E-05,6.58,,24.1,2.65,0.241,6.493955314E-15,1521.3,50.463249,2.21371,0.032033,26.856335,,,,,,162.120553880357,-11.0068138636198,1.44836327362283,-4.78019852430556,1.44836327362283,1.79795399984077E-05
9,AST-02,88,1522.1,NLLFR,"Basaal Zand van Dongen",15,15,5.1,8.8,6,4,2.6,14.1,34.5,9.1,0.3,0.1,0,0,0.1,0,0.1,0.1,0.1,0,0,0,0,0,0,0,0,0,0,0.15,,,56,5.6E-05,27.3,,31.2,2.64,0.312,2.694300609E-14,1522.1,46.484718,2.232432,0.038924,25.942062,,,,,,113.867697025424,-10.7333519887278,1.36229307181425,-4.66143554103092,1.36229307181425,4.8414558023887E-05
10,AST-02,89,1522.57,NLLFR,"Basaal Zand van Dongen",11.2,11.2,8.3,11.2,9.4,7.7,6.3,14.6,25.7,5.3,0.2,0,0,0,0,0,0,0.1,0,0,0,0,0,0,0,0,0,0,0,0.112,,,56,5.6E-05,47.8,,29,2.65,0.29,4.717493374E-14,1522.6,48.675522,2.226262,0.027509,26.582539,,,,,,155.780429648212,-11.1895030720549,1.62063925734986,-4.85953943943402,1.62063925734986,2.83686944177645E-05
11,AST-02,90,1523.5,NLLFR,"Basaal Zand van Dongen",12.3,12.3,6.1,9.7,7.2,6.4,5.3,15.7,27.4,9.2,0.4,0.1,0,0,0,0,0,0.1,0.1,0,0,0,0,0,0,0,0,0,0,0.123,,,56,5.6E-05,86,,28.2,2.67,0.282,8.48754038E-14,1523.5,48.834915,2.221435,0.024664,25.466225,,,,,,129.807765974057,-10.940735798601,1.38689558440869,-4.751501185294,1.38689558440869,3.58498971670829E-05
12,AST-02,91,1523.6,NLLFR,"Basaal Zand van Dongen",16.8,16.8,6.3,9.5,7.8,7.2,2.7,12.5,17,19.5,0.5,0.1,0,0,0,0,0,0.1,0,0,0,0,0,0,0,0,0,0,0,0.168,,,69,6.9E-05,58.8,,27.4,2.66,0.274,5.803109004E-14,1523.6,48.24958,2.226671,0.026781,25.26738,,,,,,128.144128734577,-11.0739518461919,1.57862979709172,-4.80935617966378,1.57862979709172,2.51119690332966E-05
13,AST-02,93,1524.57,NLLFR,"Basaal Zand van Dongen",13.9,13.9,5.5,6.6,6.9,5.3,3.5,12.1,34.7,10.3,0.4,0.3,0.3,0,0,0,0.1,0,0.1,0,0,0,0,0,0,0,0,0,0,0.139,,,56,5.6E-05,654,,30.9,2.66,0.309,6.454478382E-13,1524.6,54.883965,2.237966,0.029628,25.840912,,,,,,111.917959120341,-10.9709788801118,1.58614166417116,-4.764635588709,1.58614166417116,3.75001723753677E-05
14,AST-02,94,1525,NLLFR,"Basaal Zand van Dongen",10.6,10.6,3.9,5.5,6.4,6.7,5.7,13.5,29.5,16.9,0.9,0.1,0.1,0,0,0,0,0.1,0.1,0,0,0,0,0,0,0,0,0,0,0.106,,,56,5.6E-05,189,,28.3,2.65,0.283,1.865285037E-13,1525,54.872253,2.242712,0.031977,26.718643,,,,,,98.8334939625807,-11.0384363300755,2.29094199187763,-4.79393198699108,2.29094199187763,4.41674626921242E-05
15,AST-02,95,1525.57,NLLFR,"Basaal Zand van Dongen",17.1,17.1,6.3,8,8.7,6.6,3.9,6.9,14.8,26,1.4,0.2,0.1,0,0,0,0,0,0,0,0,0,0,0,0,0,0,0,0,0.171,,,69,6.9E-05,8.98,,24.3,2.66,0.243,8.862571234E-15,1525.6,53.474464,2.24443,0.035734,26.22953,,,,,,122.977720960023,-10.9283835133122,1.42007224471923,-4.74613665595477,1.42007224471923,2.88491661126286E-05
16,AST-02,96,1526.14,NLLFR,"Basaal Zand van Dongen",21.2,21.2,7.9,9.7,10.4,7.3,5.1,10.1,13.7,13.3,0.6,0.1,0.1,0,0.1,0.1,0.1,0.1,0.1,0,0,0,0,0,0,0,0,0,0,0.212,,,56,5.6E-05,22.7,,22.2,2.65,0.222,2.240315891E-14,1526.1,50.19886,2.286813,0.05193,25.656147,,,,,,143.256073123668,-11.2876752507851,1.55142310605307,-4.90217507493192,1.55142310605307,1.77098331694894E-05
17,AST-02,97,1526.6,NLLFR,"Basaal Zand van Dongen",21.4,21.4,7.2,8.7,9.9,8.8,6.8,10.2,10.8,15,0.9,0.1,0.1,0,0.1,0,0,0,0,0,0,0,0,0,0,0,0,0,0,0.214,,,69,6.9E-05,1.23,,20.9,2.64,0.209,1.213915659E-15,1526.6,50.76387,2.291779,0.05779,26.432484,,,,,,135.691406182712,-11.3349515264506,1.68454108645187,-4.92270690057933,1.68454108645187,2.46100385374657E-05
18,AST-02,98,1527.1,NLLFR,"Basaal Zand van Dongen",21.6,21.6,10.8,12.8,15,11.3,5.9,5.5,5.4,11.1,0.4,0.1,0.1,0,0,0,0,0,0,0,0,0,0,0,0,0,0,0,0,0.216,,,12,1.2E-05,2.15,,20.2,2.62,0.202,2.121885095E-15,1527.1,52.340324,2.308844,0.08492,26.994675,,,,,,183.937129210526,-11.9236967814116,1.78964536225082,-5.17839571605476,1.78964536225082,8.3750238158552E-06
19,AST-02,99,1527.6,NLLFR,"Basaal Zand van Dongen",25.6,25.6,8.2,10.7,12,9.4,4.4,6.1,15,8.1,0.2,0,0.1,0,0.1,0,0.1,0,0,0,0,0,0,0,0,0,0,0,0,0.256,,,56,5.6E-05,1.97,,20.5,2.62,0.205,1.944238901E-15,1527.6,54.607285,2.315,0.076492,26.38007,,,,,,150.625976984755,-12.0005735565937,2.18298075864232,-5.21178287530249,2.18298075864232,1.58054336402899E-05
20,AST-02,100,1528.1,NLLFR,"Basaal Zand van Dongen",15.5,15.5,0.4,2.3,6,9.7,10.1,20.4,27.3,6.3,0.4,0.2,0.2,0.2,0.2,0,0.1,0.2,0.1,0,0.1,0.2,0,0.1,0,0,0,0,0,0.155,,,56,5.6E-05,8.75,,25.3,2.64,0.253,8.635578875E-15,1528.1,49.199982,2.273882,0.048769,26.238464,,,,,,65.5374120210011,-10.7436698218666,1.23297881539937,-4.66591651902653,1.23297881539937,3.67611734184069E-05
21,AST-02,101,1528.6,NLLFR,"Basaal Zand van Dongen",22.1,22.1,6.4,8.4,9.3,6.3,4.1,10.5,23.3,7.6,0.9,0.2,0.1,0.1,0.2,0,0.1,0.2,0.1,0,0,0.1,0,0,0,0,0,0,0,0.221,,,56,5.6E-05,1.6,,21.2,2.62,0.212,1.57907728E-15,1528.6,48.623596,2.248754,0.040882,26.091915,,,,,,125.422538532746,-11.1508247228033,1.44565393698336,-4.84274164578428,1.44565393698336,1.85203548054154E-05
22,AST-02,102,1529.1,NLLFR,"Basaal Zand van Dongen",25.9,25.9,7.8,9.5,12,8.1,3.4,6,11.5,14,0.8,0.1,0.1,0.1,0,0,0.1,0.1,0.1,0.1,0.2,0.1,0,0,0,0,0,0,0,0.259,,,12,1.2E-05,20.9,,20.4,2.63,0.204,2.062669697E-14,1529.1,51.731499,2.262275,0.042602,26.509163,,,,,,141.596190534251,-11.4964112411508,1.53399137191382,-4.99282796372252,1.53399137191382,1.01575310702074E-05
23,AST-02,103,1529.6,NLLFR,"Basaal Zand van Dongen",21.6,21.6,6.2,6.8,7.1,6.4,2.9,10.9,31,3.8,1.1,1.6,0.3,0.1,0,0,0.1,0,0.1,0,0,0,0,0,0,0,0,0,0,0.216,,,56,5.6E-05,22,,21.7,2.63,0.217,2.17123126E-14,1529.6,54.663994,2.25414,0.037297,26.346241,,,,,,115.356178379808,-11.2487828458419,1.71923040210063,-4.88528431807707,1.71923040210063,3.18334605993318E-05
24,AST-02,104,1531.08,NLLFR,"Landen klei",18.9,18.9,5.8,7.9,10.6,10,5.8,15.6,23.4,1.6,0.1,0,0.1,0.1,0,0,0.1,0,0,0,0,0,0,0,0,0,0,0,0,0.189,,,56,5.6E-05,5.4,,24.2,2.65,0.242,5.32938582E-15,1531.1,55.792709,2.280487,0.049899,25.890305,,,,,,127.29366069047,-11.3225108070326,1.66619444633612,-4.91730396478276,1.66619444633612,2.43044156374332E-05
25,AST-02,105,1531.6,NLLFR,"Landen klei",23.5,23.5,7,8.9,8.7,6.3,2.9,9.7,27.1,4.9,0.3,0.3,0.2,0.1,0,0,0.1,0,0,0,0,0,0,0,0,0,0,0,0,0.235,,,56,5.6E-05,8.01,,22.6,2.64,0.226,7.905255633E-15,1531.6,51.673149,2.268053,0.032332,25.876011,,,,,,129.831785359935,-11.4605166714189,1.73647076242423,-4.97723915015895,1.73647076242423,1.64570402347123E-05
26,AST-02,106,1532.07,NLLFR,"Landen klei",37.6,37.6,9.7,14.3,14.7,10.8,7.8,4.7,0,0.3,0,0.1,0,0,0,0,0,0,0,0,0,0,0,0,0,0,0,0,0,0.376,,,12,1.2E-05,153,,22.4,2.64,0.224,1.509992649E-13,1532.1,53.986664,2.285092,0.024813,26.50864,,,,,,175.346451300464,-12.1183534938702,1.1846778344421,-5.26293405214143,1.1846778344421,7.26675845979489E-06
27,AST-02,108,1533.1,NLLFR,"Landen klei",24,24,10.4,12.2,15,12.5,10.5,7.6,1.8,1.4,1.8,1.5,0.7,0.2,0.2,0,0.1,0,0.1,0,0,0,0,0,0,0,0,0,0,0.24,,,12,1.2E-05,14.2,,21.5,2.62,0.215,1.401431086E-14,1533.1,57.627106,2.298535,0.045133,27.523174,,,,,,180.857279020051,-11.8167357639903,1.51803369665384,-5.13194313641035,1.51803369665384,1.29433150772044E-05
28,AST-02,109,1533.6,NLLFR,"Landen klei",17.2,17.2,7.2,8.6,8.6,5.8,2.7,0.6,0.1,1.9,1.1,1,1.4,1.1,2,1.8,1.8,2.5,4.9,4,4.7,5.7,4.4,4.2,3.1,1.8,1.2,0.3,0.3,0.172,,,12,1.2E-05,2.02,,18,2.61,0.18,1.993585066E-15,1533.6,61.288925,2.314338,0.038801,27.621346,,,,,,115.769230196394,-10.0605035641951,2.36919647456459,-4.36922118309791,2.36919647456459,3.26543154345508E-05
29,AST-02,110,1534.04,NLLFR,"Landen klei",31.5,31.5,8.6,12,15.8,14.3,11.2,5.8,0,0.5,0,0,0,0.1,0,0,0,0,0,0,0.1,0,0.1,0,0,0,0,0,0,0.315,,,12,1.2E-05,7.27,,20.1,2.61,0.201,7.174932391E-15,1534,56.761925,2.292744,0.021578,26.64344,,,,,,167.525485891543,-12.1345563680431,1.33902081586008,-5.26997087098495,1.33902081586008,7.43232154264449E-06
30,AST-02,111,1534.6,NLLFR,"Landen klei",34.2,34.2,8.2,10.8,14.9,14.3,7.2,6.5,2.5,0.8,0.1,0,0,0.1,0.1,0,0,0.1,0.1,0,0,0,0,0,0,0,0,0.1,0,0.342,,,12,1.2E-05,16.7,,19.1,2.6,0.191,1.648161911E-14,1534.6,58.305389,2.259552,0.019443,27.349957,,,,,,156.784397018654,-11.8425010899053,1.21986889032873,-5.1431328752796,1.21986889032873,4.33685140951641E-06
31,AST-02,112,1535.1,NLLFR,"Landen klei",6.2,6.2,10.9,14.1,13.7,8.4,5.2,4,2.9,12.2,10.7,6.7,3,0.3,0.2,0.1,0.1,0.1,0.1,0.1,0.1,0.1,0.1,0.1,0.2,0.2,0.2,0,0,0.062,,,6,6E-06,,,,,,,1535.1,54.573311,2.298526,0.030249,27.857712,,,,,,187.101947212439,-10.826283469969,1.37376974571454,-4.70179517052902,1.37376974571454,1.6349763705349E-05
32,AST-02,113,1229.1,NMVFV,"Zand van Voort",6.7,6.7,8.5,11.4,11,7.7,5.4,5.9,7.4,11.7,11.4,7.6,3.8,0.4,0.2,0.1,0.1,0.1,0.1,0.1,0.1,0,0,0,0.2,0.1,0,0,0,0.067,,,69,6.9E-05,19,,30,2.63,0.3,1.87515427E-14,1229.1,61.175339,,,,,,,,,156.298548615294,-10.6967025027714,1.50753165775929,-4.64551887151393,1.50753165775929,2.75687996396485E-05
33,AST-02,114,1229.6,NMVFV,"Zand van Voort",5.8,5.8,10.5,12.1,12.2,8.7,5.3,4.6,3.5,11.2,12.8,8.5,4.1,0.4,0.1,0,0,0,0.1,0.1,0,0,0,0,0,0,0,0,0,0.058,,,81,8.1E-05,7.52,,30.4,2.61,0.304,7.421663216E-15,1229.6,61.65078,,,,,,,,,175.511694146731,-10.6778252542376,1.3148316865491,-4.6373205866425,1.3148316865491,3.19965551603613E-05
34,AST-02,115,1230.1,NMVFV,"Zand van Voort",5.7,5.7,8.6,10.9,10.4,7.8,5.5,6.3,6.3,11.1,12.5,8.9,4.7,0.5,0.2,0.1,0.1,0.1,0.1,0.1,0.1,0,0,0,0,0,0,0,0,0.057,,,81,8.1E-05,7.25,,31.2,2.61,0.312,7.155193925E-15,1230.1,71.933914,,,,,,,,,154.593025350459,-10.8420099966933,2.07151805388148,-4.70862511430418,2.07151805388148,3.9397075519465E-05
35,AST-02,116,1230.6,NMVFV,"Zand van Voort",5.1,5.1,8.9,11.4,11.1,8.5,5.7,6.1,6.1,12.7,12.5,7.9,3.3,0.3,0.1,0,0,0,0.1,0.1,0.1,0,0,0,0,0,0,0,0,0.051,,,81,8.1E-05,7.33,,31.7,2.62,0.317,7.234147789E-15,1230.6,71.543167,,,,,,,,,160.740294485564,-10.6407900099136,1.3293239991142,-4.62123638439723,1.3293239991142,2.53788082649703E-05
36,AST-02,117,1231.1,NMVFV,"Zand van Voort",9.4,9.4,8.6,12.7,12,8,5,5.2,4.8,13.4,11.4,6.3,2.5,0.2,0.1,0.1,0.1,0.1,0.1,0,0,0,0,0,0,0,0,0,0,0.094,,,69,6.9E-05,26.4,,32.9,2.62,0.329,2.605477512E-14,1231.1,64.148254,,,,,,,,,162.392696400121,-10.8999789283454,1.54228908626911,-4.73380070144231,1.54228908626911,2.44559034513684E-05
37,AST-02,119,1232.1,NMVFV,"Zand van Voort",9.5,9.5,8.2,12.1,11.5,8,5.4,5.8,5.1,13.5,10.9,6.3,3,0.3,0.1,0.1,0.1,0.1,0,0,0,0,0,0,0,0,0,0,0,0.095,,,69,6.9E-05,,,,,,,1232.1,58.807922,,,,,,,,,156.909926045991,-10.810768617018,1.46610288414977,-4.69505715550452,1.46610288414977,3.19371801936186E-05
38,AST-02,124,1234.7,NMVFV,"Zand van Voort",6.6,6.6,9.7,13.6,12.3,7.9,4.8,4.7,3.3,10.6,10.6,9.2,5.9,0.5,0.1,0,0.1,0,0.1,0,0,0,0,0,0,0,0,0,0,0.066,,,6,6E-06,6.51,,29.3,2.6,0.293,6.424870683E-15,1234.7,58.380898,,,,,,,,,173.766235913803,-10.8951533139618,1.73185009621844,-4.73170496374407,1.73185009621844,2.43328570238992E-05
39,AST-02,66,1510.9,NMRFS,"Zand van Berg",0.9,0.9,1.9,2.4,1.9,0.8,0.5,0.5,0.3,4.9,10.7,24.3,30.6,9.8,8.1,1.2,0.3,0.3,0.3,0,0.1,0.1,0,0.1,0,0,0,0,0,0.009,3.437,0.856,115,0.000115,1150,,34.9,2.64,0.349,1.134961795E-12,1510.9,53.684082,2.130843,0.021297,28.027897,,,,,,47.8979171348035,-9.37858630429883,0.8364628213734,-4.07306828001111,0.8364628213734,0.00011601634609
40,AST-02,38,1247.35,NMVFV,"Zand van Voort",10.5,10.5,2.7,3.8,4.3,3.9,3,4.8,4.9,0.4,0.7,1,1.8,3.5,4,13.5,13.1,12.3,11.4,0.2,0.1,0.1,0,0,0,0,0,0,0,0.105,3.58,1.83,192,0.000192,101,,31.2,2.6,0.312,9.96792533E-14,1247.3,66.134018,,,,,,,,,60.6594869495035,-9.58738434715454,1.6976632174515,-4.16374811785492,1.6976632174515,0.00019132649115
41,AST-02,39,1502.8,NMRFS,"Zand van Berg",,,,,,,,,,,,,,,,,,,,,,,,,,,,,,,,,,,638,,35.6,2.67,0.356,6.296570654E-13,1502.8,47.700554,2.136516,0.016,26.525459,0,0.3,0.65,0.05,0,,,,,,
42,AST-02,40,1503.1,NMRFS,"Zand van Berg",1.8,1.8,2.8,3.4,3,1.6,1.1,1,0.6,6.3,12.4,22.6,35.6,5.9,1.3,0.2,0.1,0.2,0.1,0,0,0,0,0,0,0,0,0,0,0.018,3.68,0.97,115,0.000115,1350,,36.8,2.66,0.368,1.332346455E-12,1503.1,49.181877,2.168078,0.024032,26.394569,,,,,,62.02504850556,-9.58567534304961,0.97077261683142,-4.16300590680201,0.97077261683142,8.90623783564532E-05
43,AST-02,41,1503.4,NMRFS,"Zand van Berg",,,,,,,,,,,,,,,,,,,,,,,,,,,,,,,,,,,998,,34.1,2.67,0.341,9.849494534E-13,1503.4,49.59819,2.195196,0.028124,26.459991,,,,,,,,,,,
44,AST-02,42,1503.7,NMRFS,"Zand van Berg",,,,,,,,,,,,,,,,,,,,,,,,,,,,,,,,,,,622,,33.5,2.66,0.335,6.138662926E-13,1503.7,48.003159,2.196104,0.027952,26.528362,,,,,,,,,,,
45,AST-02,43,1504,NMRFS,"Zand van Berg",,,,,,,,,,,,,,,,,,,,,,,,,,,,,,,,,,,884,,35.6,2.67,0.356,8.724401972E-13,1504,45.736359,2.170259,0.023518,26.599937,,,,,,,,,,,
46,AST-02,44,1504.3,NMRFS,"Zand van Berg",,,,,,,,,,,,,,,,,,,,,,,,,,,,,,,,,,,307,,30.1,2.63,0.301,3.029854531E-13,1504.3,45.715019,2.142929,0.013747,26.649837,,,,,,,,,,,
47,AST-02,45,1504.6,NMRFS,"Zand van Berg",,,,,,,,,,,,,,,,,,,,,,,,,,,,,,,,,,,960,,36.3,2.66,0.363,9.47446368E-13,1504.6,45.912971,2.139174,0.012,27.199013,,,,,,,,,,,
48,AST-02,46,1504.9,NMRFS,"Zand van Berg",5.9,5.9,4.2,4.6,3.5,2,1.3,1.4,2.4,7.8,18.6,24.9,20.6,2,0.4,0.1,0.1,0.1,0.1,0,0,0,0,0,0,0,0,0,0,0.059,4.02,1.11,96,9.6E-05,244,,31.4,2.69,0.314,2.408092852E-13,1504.9,43.269073,2.132095,0.013266,27.225151,,,,,,78.6042004038496,-9.91099132404073,1.31524340434938,-4.3042888422223,1.31524340434938,8.48314483960427E-05
49,AST-02,47,1502.2,NMRFS,"Zand van Berg",2.1,2.1,1.9,2.9,2.3,1.6,1.2,1.5,2.8,7.3,21.1,29.7,22.4,2.2,0.6,0.1,0.1,0.1,0.1,0,0,0,0,0,0,0,0,0,0,0.021,3.8,0.95,96,9.6E-05,2520,,37.6,2.66,0.376,2.487046716E-12,1502.2,51.282303,2.135538,0.011613,27.876282,0,0.3,0.65,0.05,0,54.3344590186424,-9.62598760105342,1.14756216021288,-4.18051329800551,1.14756216021288,0.00010147628812
50,AST-02,48,1505.5,NMRFS,"Zand van Berg",1.9,1.9,2.5,3.3,2.3,1.4,0.8,1.1,2.4,6.2,19.4,28.7,25.4,3.4,0.8,0.2,0.1,0,0.1,0,0,0,0,0,0,0,0,0,0,0.019,3.76,0.95,96,9.6E-05,516,,32.5,2.67,0.325,5.092524228E-13,1505.5,41.948502,2.162858,0.046326,26.360561,,,,,,59.2275798427583,-9.60207179086398,1.0801040592242,-4.1701267936112,1.0801040592242,9.82009388327739E-05
51,AST-02,49,1505.8,NMRFS,"Zand van Berg",1.4,1.4,2.5,3,2.5,1.2,0.7,0.9,1.2,6.4,20.4,29.3,26,3.5,0.8,0.1,0,0,0.1,0,0,0,0,0,0,0,0,0,0,0.014,3.7,0.89,96,9.6E-05,1370,,36.7,2.66,0.367,1.352084921E-12,1505.8,40.300072,2.15501,0.038959,26.814335,,,,,,58.1863332060534,-9.55636973551159,0.89782020260802,-4.15027864315912,0.89782020260802,9.81394657305479E-05
52,AST-02,50,1506.1,NMRFS,"Zand van Berg",1.4,1.4,2,3.1,2.6,1.7,1,1.6,1.4,7.8,19.1,28.1,23.1,2.7,0.7,0.2,0.4,0.6,1.1,0.7,0.2,0.3,0.1,0.1,0,0,0,0,0,0.014,3.69,1.01,96,9.6E-05,748,,34.1,2.66,0.341,7.382186284E-13,1506.1,39.805237,2.12072,0.015597,26.662216,,,,,,55.5498843391134,-9.54192166656779,0.97818700212122,-4.1440039265434,0.97818700212122,8.9595315303413E-05
53,AST-02,51,1506.4,NMRFS,"Zand van Berg",1.7,1.7,2.7,3.8,2.8,1.5,0.8,1.3,0.7,6.2,15.3,31.3,25.7,2.9,1,0.2,0.3,0.4,0.5,0.5,0.2,0.2,0,0,0,0,0,0,0,0.017,3.7,0.99,96,9.6E-05,793,,35.3,2.67,0.353,7.826301769E-13,1506.4,40.763367,2.098352,0.002161,27.505245,,,,,,62.7060332792388,-9.59042409238143,0.9947085673677,-4.16506826243414,0.9947085673677,9.88549845734916E-05
54,AST-02,52,1506.7,NMRFS,"Zand van Berg",1.1,1.1,1.3,2.4,1.9,1.3,0.8,1.4,1.7,5.2,15.6,32.1,29,3.2,1.3,0.2,0.2,0.3,0.4,0.3,0.1,0.1,0.1,0,0,0,0,0,0,0.011,3.61,0.89,96,9.6E-05,1270,,35.6,2.66,0.356,1.253392591E-12,1506.7,44.805428,2.093804,0.005078,27.945068,,,,,,46.0332663874572,-9.47989421400061,1.10258185510929,-4.11706574616777,1.10258185510929,9.76452088189305E-05
55,AST-02,53,1507,NMRFS,"Zand van Berg",1.3,1.3,2,3.3,2.5,1.5,0.7,1.3,0.8,4.6,13.1,32.7,30.5,3.4,1.6,0.2,0.1,0.1,0.1,0.2,0,0,0,0,0,0,0,0,0,0.013,3.65,0.91,96,9.6E-05,1550,,38.1,2.65,0.381,1.529731115E-12,1507,47.184578,2.103652,0.014231,27.75,,,,,,55.1298061744056,-9.59623454229646,1.057022721582,-4.167591708769,1.057022721582,9.35450045116235E-05
56,AST-02,54,1507.3,NMRFS,"Zand van Berg",1.8,1.8,1.9,3.6,3,1.9,1.2,1.4,0.4,5.5,18.4,32.7,24.1,2,1.2,0.3,0.1,0.1,0.2,0.2,0,0,0,0,0,0,0,0,0,0.018,3.74,3.95,96,9.6E-05,620,,34.3,2.65,0.343,6.11892446E-13,1507.3,45.538811,2.109222,0.019571,27.71677,,,,,,57.4030538961289,-9.61612972226669,0.96667230142848,-4.17623207564659,0.96667230142848,9.96209960385601E-05
57,AST-02,55,1507.6,NMRFS,"Zand van Berg",1.1,1.1,1.5,2.5,2,1.5,0.9,1.5,1.2,6.2,19.1,35.4,22.4,1.8,1.7,0.4,0.2,0.1,0.1,0.1,0.1,0.1,0,0.1,0,0,0,0,0,0.011,3.66,0.88,96,9.6E-05,1180,,35.5,2.65,0.355,1.164569494E-12,1507.6,39.339523,2.098201,0.016441,27.190784,,,,,,48.8320919089545,-9.55882410416039,0.94910974324887,-4.15134456192061,0.94910974324887,8.95877180865436E-05
58,AST-02,56,1507.9,NMRFS,"Zand van Berg",0.9,0.9,1.3,2,1.8,1.2,0.8,1.2,1,6.9,22.2,30,21.9,3.8,3.5,0.9,0.3,0.1,0.1,0,0,0,0.1,0,0,0,0,0,0,0.009,3.6,0.83,96,9.6E-05,1550,,35.6,2.65,0.356,1.529731115E-12,1507.9,38.687035,2.096524,0.018616,26.874233,,,,,,44.7698184578136,-9.466824468339,0.91063252648108,-4.1113896277465,0.91063252648108,9.38421769271749E-05
59,AST-02,57,1508.2,NMRFS,"Zand van Berg",0.8,0.8,1,1.7,1.6,1.2,0.8,1.2,1.7,6.1,17.6,30.5,24.9,4.1,4.9,1.2,0.3,0.2,0.1,0,0,0,0,0.1,0,0,0,0,0,0.008,3.56,0.84,96,9.6E-05,1670,,34.8,2.65,0.348,1.648161911E-12,1508.2,46.980316,2.110356,0.023765,27.293045,,,,,,40.7303254785732,-9.40880122398856,0.75095925757931,-4.0861904529027,0.75095925757931,9.99949744936915E-05
60,AST-02,58,1508.5,NMRFS,"Zand van Berg",0.6,0.6,1,1.4,1.3,0.8,0.6,0.8,0.8,3.8,13.7,29.3,28.7,6.3,8.1,2,0.5,0.2,0.1,0,0,0,0,0,0,0,0,0,0,0.006,3.42,0.77,96,9.6E-05,1780,,36.3,2.65,0.363,1.756723474E-12,1508.5,50.056923,2.124465,0.027938,27.406384,,,,,,37.4099405675703,-9.27108506720546,0.68048129093023,-4.02638108594216,0.68048129093023,9.82619911159101E-05
61,AST-02,59,1508.8,NMRFS,"Zand van Berg",0.6,0.6,1.1,1.5,1.5,1,0.8,1.3,1.3,5,14.9,26.9,27.7,6.2,7,2,0.5,0.3,0.2,0.1,0,0,0.1,0,0,0,0,0,0,0.006,3.48,0.84,115,0.000115,1410,,34.9,2.64,0.349,1.391561853E-12,1508.8,48.397858,2.122377,0.023307,27.35107,,,,,,39.5807761586781,-9.33084217711829,0.68925353724894,-4.05233326903146,0.68925353724894,8.8822269301672E-05
62,AST-02,62,1509.7,NMRFS,"Zand van Berg",0.5,0.5,0.7,1.3,1.2,0.8,0.7,0.7,0.2,3.9,13.9,23,27.1,11.5,12.4,1.5,0.3,0.1,0.1,0,0,0,0.1,0,0,0,0,0,0,0.005,3.34,0.74,115,0.000115,2740,,37.1,2.64,0.371,2.704169842E-12,1509.7,50.622765,2.135042,0.028913,27.579166,,,,,,34.0254851548452,-9.23322156737856,0.65745123639346,-4.00993717690213,0.65745123639346,0.00012352973485
63,AST-02,63,1510,NMRFS,"Zand van Berg",1,1,1.5,2,1.6,1,0.7,1.1,1.1,5.3,15.1,18.7,27.3,11,10.5,1.4,0.3,0.1,0.1,0.1,0,0,0.1,0,0,0,0,0,0,0.01,3.46,0.88,115,0.000115,1220,,35.2,2.64,0.352,1.204046426E-12,1510,50.14817,2.133821,0.034518,27.599873,,,,,,43.7260474686381,-9.37210276679498,0.96212105013281,-4.07025251544884,0.96212105013281,0.00012007096109
64,AST-02,68,1511.5,NMRFS,"Zand van Berg",0.9,0.9,2.3,3,2.4,1.3,0.8,0.9,1.6,6.4,16.5,29.4,26.8,2.7,3.5,0.7,0.3,0.2,0.1,0.1,0.1,0,0,0,0,0,0,0,0,0.009,3.65,0.92,69,6.9E-05,1210,,35,2.63,0.35,1.194177193E-12,1511.5,52.380943,2.12114,0.035168,27.353363,,,,,,56.3010839199825,-9.52077634846819,0.98070508288849,-4.13482063157604,0.98070508288849,9.14420861519764E-05
65,AST-02,69,1511.8,NMRFS,"Zand van Berg",0.9,0.9,2.7,3.6,3.1,1.6,1,1.2,1.5,5.9,14.1,25.7,29.8,3.7,4.1,0.6,0.2,0.1,0.1,0.1,0,0,0,0,0,0,0,0,0,0.009,3.69,0.98,115,0.000115,651,,33.8,2.65,0.338,6.424870683E-13,1511.8,53.8564,2.111427,0.03,27.389542,,,,,,62.6116574061335,-9.55506226661012,0.90866935576972,-4.14971081663127,0.90866935576972,9.76307110504159E-05
66,AST-02,70,1512.75,NMRFS,"Zand van Berg",0.4,0.4,1.2,1.7,1.3,0.7,0.6,0.9,1.3,5.6,14.2,28.3,36.4,3.3,3.2,0.3,0.2,0.1,0.1,0,0,0,0,0.1,0,0,0,0.1,0,0.004,3.49,0.78,115,0.000115,1350,,36.6,2.65,0.366,1.332346455E-12,1512.8,58.077934,2.121296,0.035929,27.797321,,,,,,40.800708845088,-9.34946381305406,0.72443654982474,-4.06042054276458,0.72443654982474,0.00010207139755
67,AST-02,71,1513.25,NMRFS,"Zand van Berg",0.2,0.2,1,1.9,2.1,1.4,1,1.1,1.3,7.6,17.9,28.2,31.5,2.4,1.8,0.2,0.1,0.1,0.1,0.1,0,0,0,0,0,0,0,0,0,0.002,3.6,0.81,115,0.000115,713,,35.5,2.64,0.355,7.036763129E-13,1513.3,53.028275,2.210226,0.048803,27.230858,,,,,,43.0708304080505,-9.42082322312896,0.69893657835517,-4.09141154078992,0.69893657835517,8.90896089519992E-05
68,AST-02,72,1513.75,NLLFR,"Basaal Zand van Dongen",0.3,0.3,1.4,2.6,2.9,1.9,1.2,1.3,1.4,5.8,15.9,30.1,31,2,1.7,0.2,0.1,0.1,0.1,0,0,0,0,0,0,0,0,0,0,0.003,3.66,0.89,115,0.000115,1010,,35.6,2.64,0.356,9.96792533E-13,1513.8,54.188141,2.243093,0.048834,26.752159,,,,,,50.2059561601516,-9.46357581080332,0.79183559295969,-4.10997875370496,0.79183559295969,9.16976333461062E-05
69,AST-02,73,1514.25,NLLFR,"Basaal Zand van Dongen",0.3,0.3,1.2,2.3,2.5,1.7,1.2,1.3,1.7,7.3,16.3,28.7,31.8,2,1.2,0.1,0.1,0.1,0.1,0,0,0.1,0,0,0,0,0,0,0,0.003,3.65,0.87,115,0.000115,871,,35.2,2.65,0.352,8.596101943E-13,1514.3,53.394707,2.274233,0.052235,26.19865,,,,,,47.0645918787839,-9.45366933602811,0.78142310866128,-4.10567642637507,0.78142310866128,8.95283092823662E-05
70,AST-02,74,1514.72,NLLFR,"Basaal Zand van Dongen",0.4,0.4,1.3,2.4,2.4,1.4,0.8,0.9,1.5,8.2,19.2,30.6,28.2,1.4,0.9,0.1,0.1,0.1,0.1,0,0,0,0,0,0,0,0,0,0,0.004,3.65,0.83,96,9.6E-05,716,,34.4,2.66,0.344,7.066370828E-13,1514.7,51.592789,2.255985,0.033285,26.372444,,,,,,47.7750451777579,-9.47887558262837,0.71165740138665,-4.11662336018266,0.71165740138665,9.59588835176596E-05
71,AST-02,75,1515.25,NLLFR,"Basaal Zand van Dongen",18.2,18.2,2.8,7.1,8.6,7.5,5.8,16.7,29,3,0.2,0.3,0.3,0.1,0,0.1,0.1,0.1,0.1,0,0,0,0,0,0,0,0,0,0,0.182,,,56,5.6E-05,28.5,,30.4,2.67,0.304,2.812731405E-14,1515.3,55.140327,2.287974,0.039887,26.806061,,,,,,98.5524653991345,-11.2101319650287,1.87782864744604,-4.8684984538196,1.87782864744604,3.64704861690943E-05
72,AST-02,76,1515.75,NLLFR,"Basaal Zand van Dongen",11,11,5,8.9,11.4,10,8.1,15.7,26.4,2.5,0.2,0.1,0.1,0,0.1,0.1,0.1,0.1,0.1,0.1,0,0,0,0,0,0,0,0,0,0.11,,,56,5.6E-05,14.9,,29.7,2.67,0.297,1.470515717E-14,1515.8,48.548515,2.228168,0.041105,27.456261,,,,,,129.906928988416,-10.9088287317442,1.23625841050266,-4.737644122223,1.23625841050266,3.38220110115665E-05
73,AST-02,77,1516.28,NLLFR,"Basaal Zand van Dongen",4.6,4.6,9.9,13.4,13.6,9.5,5,3.9,11.9,25.2,2.3,0.3,0.1,0,0,0,0.1,0.1,0.1,0,0,0,0,0,0,0,0,0,0,0.046,,,69,6.9E-05,8.13,,22.6,2.65,0.226,8.023686429E-15,1516.3,47.846588,2.170016,0.017289,27.427448,,,,,,181.078935746401,-10.8293377841283,1.29793035492258,-4.7031216423136,1.29793035492258,1.70736904821116E-05
74,AST-02,78,1516.78,NLLFR,"Basaal Zand van Dongen",13.5,13.5,10,15.5,20.2,16.1,11.4,7.1,2.4,3.2,0.2,0,0.1,0,0,0.1,0,0,0.1,0.1,0,0,0,0,0,0,0,0,0,0.135,,,12,1.2E-05,3.88,,26.1,2.67,0.261,3.829262404E-15,1516.8,48.02784,2.181334,0.027882,26.479534,,,,,,204.355107668645,-11.7590633996392,1.45503721599783,-5.10689634681323,1.45503721599783,8.15167481832092E-06
