,Unnamed: 0,well,sample_number,depth,strat_unit,strat_unit_Heederik1988,clay_percentage,0-2_micron,2-4_micron,4-8_micron,8-16_micron,16-25_micron,25-35_micron,35-50_micron,50-63_micron,63-75_micron,75-88_micron,88-105_micron,105-125_micron,125-150_micron,150-177_micron,177-210_micron,210-250_micron,250-300_micron,300-354_micron,354-420_micron,420-500_micron,500-600_micron,600-707_micron,707-850_micron,850-1000_micron,1000-1190_micron,1190-1410_micron,1410-1680_micron,1680-2000_micron,clay_fraction,phi_mean,phi_std,median_grain_size_mu,median_grain_size,kh_nitrogen_mDarcy,kv_nitrogen_mDarcy,helium_porosity,grain_density,porosity,kh,depth_log,GR,RHOB,DRHO,NPHI,kaolinite_fraction,illite_fraction,smectite_fraction,mixed_layer_fraction,chlorite_fraction,specific_surface_granular_fraction,ln_grainsize_mean,ln_grainsize_std,log10_grainsize_mean,log10_grainsize_std,median_grainsize
0,0,AST-02,79,1517.25,NLLFR,Basaal Zand van Dongen,16.1,16.1,4.8,6.6,7.1,5.0,2.4,2.5,4.7,39.7,9.7,0.8,0.3,0.0,0.0,0.0,0.1,0.0,0.1,0.1,0.0,0.0,0.0,0.0,0.0,0.0,0.0,0.0,0.0,0.161,,,69.0,6.9e-05,9.14,,24.3,2.66,0.243,9.020478962e-15,1517.3,48.271392999999996,2.246239,0.048097,26.179676,,,,,,101.06846131904142,-10.18278257867624,1.0386553521807385,-4.422326284339658,1.0386553521807385,7.213292782145667e-05
1,1,AST-02,80,1517.75,NLLFR,Basaal Zand van Dongen,13.6,13.6,5.4,12.8,13.1,9.1,4.4,9.6,17.1,12.3,0.7,0.3,0.2,0.1,0.1,0.1,0.1,0.1,0.1,0.2,0.1,0.1,0.0,0.1,0.1,0.1,0.1,0.0,0.0,0.136,,,56.0,5.6000000000000006e-05,10.7,,28.4,2.65,0.284,1.056007931e-14,1517.8,50.471313,2.214602,0.027415,25.983631,,,,,,143.54909032939148,-10.606105406922005,1.083924043024096,-4.60617305271047,1.083924043024096,3.110661050957795e-05
2,2,AST-02,81,1518.22,NLLFR,Basaal Zand van Dongen,56.7,56.7,0.0,1.6,1.6,1.0,0.0,3.8,11.6,20.7,1.8,0.2,0.1,0.0,0.1,0.1,0.1,0.1,0.2,0.1,0.1,0.1,0.0,0.0,0.0,0.0,0.0,0.0,0.0,0.5670000000000001,,,69.0,6.9e-05,28.3,,30.7,2.66,0.307,2.7929929389999996e-14,1518.2,49.193977000000004,2.228571,0.030695,25.376404,,,,,,24.265495347605512,-9.814925755129558,0.587841290517571,-4.262568095742876,0.587841290517571,7.25435706261138e-05
3,3,AST-02,82,1518.75,NLLFR,Basaal Zand van Dongen,16.2,16.2,6.4,8.1,6.8,5.0,2.0,3.0,9.5,38.0,3.9,0.3,0.1,0.0,0.1,0.1,0.1,0.1,0.2,0.0,0.0,0.1,0.0,0.0,0.0,0.0,0.0,0.0,0.0,0.162,,,69.0,6.9e-05,67.5,,28.8,2.66,0.28800000000000003,6.661732275e-14,1518.8,51.049301,2.340439,0.059385,25.968479000000002,,,,,,117.83943351940594,-10.2183482535805,1.0290482624770079,-4.437772260695742,1.0290482624770079,7.350926746195963e-05
4,4,AST-02,83,1519.25,NLLFR,Basaal Zand van Dongen,16.5,16.5,6.9,12.6,10.9,8.4,4.6,6.2,10.5,22.2,0.8,0.1,0.0,0.0,0.1,0.0,0.0,0.0,0.1,0.0,0.1,0.0,0.0,0.0,0.0,0.0,0.0,0.0,0.0,0.165,,,69.0,6.9e-05,2.42,,23.7,2.65,0.237,2.3883543859999998e-15,1519.3,49.683685,2.256829,0.032711000000000004,25.871574,,,,,,148.00464902072852,-10.676740332693354,1.1122530570310858,-4.636849411202613,1.1122530570310858,3.004182365643929e-05
5,5,AST-02,84,1519.8,NLLFR,Basaal Zand van Dongen,15.9,15.9,5.2,12.2,12.2,9.6,6.3,11.0,17.4,8.9,0.5,0.2,0.1,0.0,0.1,0.0,0.1,0.1,0.1,0.1,0.0,0.0,0.0,0.0,0.0,0.0,0.0,0.0,0.0,0.159,,,56.0,5.6000000000000006e-05,5.4,,27.2,2.65,0.272,5.32938582e-15,1519.8,46.468712,2.223472,0.031916,26.424896,,,,,,139.6630409703096,-10.663966429878615,0.9111209853766563,-4.631301775697803,0.9111209853766563,3.1129147335891486e-05
6,6,AST-02,85,1520.28,NLLFR,Basaal Zand van Dongen,12.7,12.7,4.0,8.7,8.8,7.5,5.9,12.7,22.2,15.8,1.2,0.2,0.0,0.0,0.1,0.0,0.0,0.0,0.1,0.1,0.0,0.0,0.0,0.0,0.0,0.0,0.0,0.0,0.0,0.127,,,56.0,5.6000000000000006e-05,16.4,,29.4,2.66,0.294,1.618554212e-14,1520.3,49.367484999999995,2.212817,0.028683999999999998,26.405415,,,,,,113.6125738160674,-10.429441908405183,0.8861542054558524,-4.529449070150891,0.8861542054558524,3.595932196381904e-05
7,7,AST-02,86,1520.75,NLLFR,Basaal Zand van Dongen,13.4,13.4,8.2,12.1,11.5,8.2,4.6,8.1,5.7,25.5,1.8,0.2,0.0,0.0,0.1,0.0,0.1,0.1,0.1,0.0,0.0,0.2,0.1,0.0,0.0,0.0,0.0,0.0,0.0,0.134,,,69.0,6.9e-05,11.7,,22.9,2.65,0.22899999999999998,1.154700261e-14,1520.8,47.7257,2.2114849999999997,0.025125,26.70826,,,,,,157.33802291890873,-10.701827318962755,1.1493878130787607,-4.647744550906995,1.1493878130787607,3.245448911218613e-05
8,8,AST-02,87,1521.25,NLLFR,Basaal Zand van Dongen,13.4,13.4,9.0,13.0,10.1,6.3,3.4,6.2,10.4,26.5,1.1,0.1,0.1,0.0,0.1,0.1,0.1,0.1,0.0,0.0,0.0,0.0,0.0,0.0,0.0,0.0,0.0,0.0,0.0,0.134,,,69.0,6.9e-05,6.58,,24.1,2.65,0.24100000000000002,6.493955314e-15,1521.3,50.463249,2.21371,0.032033,26.856334999999998,,,,,,162.1205538803569,-10.651614414094531,1.146017058253904,-4.625937363402391,1.146017058253904,4.760392423963342e-05
9,9,AST-02,88,1522.1,NLLFR,Basaal Zand van Dongen,15.0,15.0,5.1,8.8,6.0,4.0,2.6,14.1,34.5,9.1,0.3,0.1,0.0,0.0,0.1,0.0,0.1,0.1,0.1,0.0,0.0,0.0,0.0,0.0,0.0,0.0,0.0,0.0,0.0,0.15,,,56.0,5.6000000000000006e-05,27.3,,31.2,2.64,0.312,2.6943006089999994e-14,1522.1,46.484718,2.2324319999999997,0.038924,25.942062,,,,,,113.8676970254241,-10.416652283091963,0.9186598675998412,-4.52389460645175,0.9186598675998412,5.3223586193645784e-05
10,10,AST-02,89,1522.57,NLLFR,Basaal Zand van Dongen,11.2,11.2,8.3,11.2,9.4,7.7,6.3,14.6,25.7,5.3,0.2,0.0,0.0,0.0,0.0,0.0,0.0,0.1,0.0,0.0,0.0,0.0,0.0,0.0,0.0,0.0,0.0,0.0,0.0,0.11199999999999999,,,56.0,5.6000000000000006e-05,47.8,,29.0,2.65,0.29,4.717493374e-14,1522.6,48.675521999999994,2.2262619999999997,0.027509,26.582539,,,,,,155.78042964821202,-10.672322766223827,1.0584768408675647,-4.634930886461457,1.0584768408675647,4.3039231286738174e-05
11,11,AST-02,90,1523.5,NLLFR,Basaal Zand van Dongen,12.3,12.3,6.1,9.7,7.2,6.4,5.3,15.7,27.4,9.2,0.4,0.1,0.0,0.0,0.0,0.0,0.0,0.1,0.1,0.0,0.0,0.0,0.0,0.0,0.0,0.0,0.0,0.0,0.0,0.12300000000000001,,,56.0,5.6000000000000006e-05,86.0,,28.2,2.67,0.282,8.48754038e-14,1523.5,48.834915,2.221435,0.024664,25.466225,,,,,,129.80776597405708,-10.571386070593604,1.0696336464975416,-4.591094636527702,1.0696336464975416,3.5234201296400394e-05
12,12,AST-02,91,1523.6,NLLFR,Basaal Zand van Dongen,16.8,16.8,6.3,9.5,7.8,7.2,2.7,12.5,17.0,19.5,0.5,0.1,0.0,0.0,0.0,0.0,0.0,0.1,0.0,0.0,0.0,0.0,0.0,0.0,0.0,0.0,0.0,0.0,0.0,0.168,,,69.0,6.9e-05,58.8,,27.4,2.66,0.27399999999999997,5.803109003999999e-14,1523.6,48.24958,2.226671,0.026781,25.26738,,,,,,128.14412873457752,-10.513197941551116,1.003252593788523,-4.565823853172277,1.003252593788523,4.7827784560747086e-05
13,13,AST-02,93,1524.57,NLLFR,Basaal Zand van Dongen,13.9,13.9,5.5,6.6,6.9,5.3,3.5,12.1,34.7,10.3,0.4,0.3,0.3,0.0,0.0,0.0,0.1,0.0,0.1,0.0,0.0,0.0,0.0,0.0,0.0,0.0,0.0,0.0,0.0,0.139,,,56.0,5.6000000000000006e-05,654.0,,30.9,2.66,0.309,6.454478382e-13,1524.6,54.883965,2.237966,0.029627999999999998,25.840912,,,,,,111.91795912034115,-10.363645246413586,0.9673770074828616,-4.500873942920288,0.9673770074828616,5.6862981992247824e-05
14,14,AST-02,94,1525.0,NLLFR,Basaal Zand van Dongen,10.6,10.6,3.9,5.5,6.4,6.7,5.7,13.5,29.5,16.9,0.9,0.1,0.1,0.0,0.0,0.0,0.0,0.1,0.1,0.0,0.0,0.0,0.0,0.0,0.0,0.0,0.0,0.0,0.0,0.106,,,56.0,5.6000000000000006e-05,189.0,,28.3,2.65,0.28300000000000003,1.8652850370000002e-13,1525.0,54.872253,2.242712,0.031977,26.718643,,,,,,98.83349396258072,-10.268089690659295,0.8782141549119284,-4.459374692340999,0.8782141549119284,5.607807921078771e-05
15,15,AST-02,95,1525.57,NLLFR,Basaal Zand van Dongen,17.1,17.1,6.3,8.0,8.7,6.6,3.9,6.9,14.8,26.0,1.4,0.2,0.1,0.0,0.0,0.0,0.0,0.0,0.0,0.0,0.0,0.0,0.0,0.0,0.0,0.0,0.0,0.0,0.0,0.171,,,69.0,6.9e-05,8.98,,24.3,2.66,0.243,8.862571234e-15,1525.6,53.474464000000005,2.24443,0.035733999999999995,26.22953,,,,,,122.97772096002315,-10.403658222773878,0.9607156035979858,-4.5182513577580865,0.9607156035979858,5.176888395350298e-05
16,16,AST-02,96,1526.14,NLLFR,Basaal Zand van Dongen,21.2,21.2,7.9,9.7,10.4,7.3,5.1,10.1,13.7,13.3,0.6,0.1,0.1,0.0,0.1,0.1,0.1,0.1,0.1,0.0,0.0,0.0,0.0,0.0,0.0,0.0,0.0,0.0,0.0,0.212,,,56.0,5.6000000000000006e-05,22.7,,22.2,2.65,0.222,2.240315891e-14,1526.1,50.198859999999996,2.286813,0.05193,25.656147,,,,,,143.25607312366776,-10.643631584190597,1.102042895400464,-4.622470464425143,1.102042895400464,2.9053788875113384e-05
17,17,AST-02,97,1526.6,NLLFR,Basaal Zand van Dongen,21.4,21.4,7.2,8.7,9.9,8.8,6.8,10.2,10.8,15.0,0.9,0.1,0.1,0.0,0.1,0.0,0.0,0.0,0.0,0.0,0.0,0.0,0.0,0.0,0.0,0.0,0.0,0.0,0.0,0.214,,,69.0,6.9e-05,1.23,,20.9,2.64,0.209,1.213915659e-15,1526.6,50.763870000000004,2.291779,0.05779,26.432484000000002,,,,,,135.6914061827122,-10.685569355300524,1.1235059467012463,-4.640683807001507,1.1235059467012463,3.461524135826574e-05
18,18,AST-02,98,1527.1,NLLFR,Basaal Zand van Dongen,21.6,21.6,10.8,12.8,15.0,11.3,5.9,5.5,5.4,11.1,0.4,0.1,0.1,0.0,0.0,0.0,0.0,0.0,0.0,0.0,0.0,0.0,0.0,0.0,0.0,0.0,0.0,0.0,0.0,0.21600000000000003,,,12.0,1.2e-05,2.15,,20.2,2.62,0.20199999999999999,2.121885095e-15,1527.1,52.340324,2.3088439999999997,0.08492000000000001,26.994675,,,,,,183.93712921052602,-11.012053002306695,1.0671219004647412,-4.782473853327933,1.0671219004647412,2.0777491444387553e-05
19,19,AST-02,99,1527.6,NLLFR,Basaal Zand van Dongen,25.6,25.6,8.2,10.7,12.0,9.4,4.4,6.1,15.0,8.1,0.2,0.0,0.1,0.0,0.1,0.0,0.1,0.0,0.0,0.0,0.0,0.0,0.0,0.0,0.0,0.0,0.0,0.0,0.0,0.256,,,56.0,5.6000000000000006e-05,1.97,,20.5,2.62,0.205,1.944238901e-15,1527.6,54.607285,2.315,0.07649199999999999,26.38007,,,,,,150.62597698475528,-10.76184248811762,1.0503623322051643,-4.673808807701445,1.0503623322051643,2.2904737590678093e-05
20,20,AST-02,100,1528.1,NLLFR,Basaal Zand van Dongen,15.5,15.5,0.4,2.3,6.0,9.7,10.1,20.4,27.3,6.3,0.4,0.2,0.2,0.2,0.2,0.0,0.1,0.2,0.1,0.0,0.1,0.2,0.0,0.1,0.0,0.0,0.0,0.0,0.0,0.155,,,56.0,5.6000000000000006e-05,8.75,,25.3,2.64,0.253,8.635578875e-15,1528.1,49.199982,2.273882,0.048769,26.238464,,,,,,65.53741202100115,-10.219996691970609,0.6533718131612202,-4.438488168392322,0.6533718131612202,4.220777939893234e-05
21,21,AST-02,101,1528.6,NLLFR,Basaal Zand van Dongen,22.1,22.1,6.4,8.4,9.3,6.3,4.1,10.5,23.3,7.6,0.9,0.2,0.1,0.1,0.2,0.0,0.1,0.2,0.1,0.0,0.0,0.1,0.0,0.0,0.0,0.0,0.0,0.0,0.0,0.221,,,56.0,5.6000000000000006e-05,1.6,,21.2,2.62,0.212,1.5790772800000001e-15,1528.6,48.623596,2.248754,0.040882,26.091915,,,,,,125.42253853274597,-10.49062665990149,1.0226667058666234,-4.55602127010236,1.0226667058666234,4.621504259098788e-05
22,22,AST-02,102,1529.1,NLLFR,Basaal Zand van Dongen,25.9,25.9,7.8,9.5,12.0,8.1,3.4,6.0,11.5,14.0,0.8,0.1,0.1,0.1,0.0,0.0,0.1,0.1,0.1,0.1,0.2,0.1,0.0,0.0,0.0,0.0,0.0,0.0,0.0,0.259,,,12.0,1.2e-05,20.9,,20.4,2.63,0.204,2.062669697e-14,1529.1,51.731499,2.262275,0.042602,26.509163,,,,,,141.59619053425084,-10.783491601598648,1.1559026016225407,-4.683210898224352,1.1559026016225407,1.6489404133827024e-05
23,23,AST-02,103,1529.6,NLLFR,Basaal Zand van Dongen,21.6,21.6,6.2,6.8,7.1,6.4,2.9,10.9,31.0,3.8,1.1,1.6,0.3,0.1,0.0,0.0,0.1,0.0,0.1,0.0,0.0,0.0,0.0,0.0,0.0,0.0,0.0,0.0,0.0,0.21600000000000003,,,56.0,5.6000000000000006e-05,22.0,,21.7,2.63,0.217,2.17123126e-14,1529.6,54.663993999999995,2.25414,0.037297000000000004,26.346241,,,,,,115.3561783798077,-10.437117316005951,1.0386006796921528,-4.5327824573182625,1.0386006796921528,3.6921254941261774e-05
24,24,AST-02,104,1531.08,NLLFR,Landen klei,18.9,18.9,5.8,7.9,10.6,10.0,5.8,15.6,23.4,1.6,0.1,0.0,0.1,0.1,0.0,0.0,0.1,0.0,0.0,0.0,0.0,0.0,0.0,0.0,0.0,0.0,0.0,0.0,0.0,0.18899999999999997,,,56.0,5.6000000000000006e-05,5.4,,24.2,2.65,0.242,5.32938582e-15,1531.1,55.792708999999995,2.280487,0.049899,25.890304999999998,,,,,,127.29366069046979,-10.61489403695293,0.8972936577309255,-4.609989906236389,0.8972936577309255,3.655071580622145e-05
25,25,AST-02,105,1531.6,NLLFR,Landen klei,23.5,23.5,7.0,8.9,8.7,6.3,2.9,9.7,27.1,4.9,0.3,0.3,0.2,0.1,0.0,0.0,0.1,0.0,0.0,0.0,0.0,0.0,0.0,0.0,0.0,0.0,0.0,0.0,0.0,0.235,,,56.0,5.6000000000000006e-05,8.01,,22.6,2.64,0.226,7.905255633e-15,1531.6,51.673149,2.268053,0.032332,25.876011,,,,,,129.8317853599347,-10.703609235305953,1.0518772857501382,-4.648518427342062,1.0518772857501382,3.68598416335446e-05
26,26,AST-02,106,1532.07,NLLFR,Landen klei,37.6,37.6,9.7,14.3,14.7,10.8,7.8,4.7,0.0,0.3,0.0,0.1,0.0,0.0,0.0,0.0,0.0,0.0,0.0,0.0,0.0,0.0,0.0,0.0,0.0,0.0,0.0,0.0,0.0,0.376,,,12.0,1.2e-05,153.0,,22.4,2.64,0.22399999999999998,1.509992649e-13,1532.1,53.986664000000005,2.2850919999999997,0.024812999999999998,26.508640000000003,,,,,,175.3464513004636,-11.358457709864068,0.8661515967182626,-4.932915506325411,0.8661515967182626,1.3570635150923401e-05
27,27,AST-02,108,1533.1,NLLFR,Landen klei,24.0,24.0,10.4,12.2,15.0,12.5,10.5,7.6,1.8,1.4,1.8,1.5,0.7,0.2,0.2,0.0,0.1,0.0,0.1,0.0,0.0,0.0,0.0,0.0,0.0,0.0,0.0,0.0,0.0,0.24,,,12.0,1.2e-05,14.2,,21.5,2.62,0.215,1.4014310859999997e-14,1533.1,57.627106000000005,2.2985349999999998,0.045133,27.523173999999997,,,,,,180.85727902005118,-11.062766515771232,0.9927227179572617,-4.804498452383509,0.9927227179572617,2.1683578320848206e-05
28,28,AST-02,109,1533.6,NLLFR,Landen klei,17.2,17.2,7.2,8.6,8.6,5.8,2.7,0.6,0.1,1.9,1.1,1.0,1.4,1.1,2.0,1.8,1.8,2.5,4.9,4.0,4.7,5.7,4.4,4.2,3.1,1.8,1.2,0.3,0.3,0.172,,,12.0,1.2e-05,2.02,,18.0,2.61,0.18,1.993585066e-15,1533.6,61.288925,2.3143380000000002,0.038801,27.621346000000003,,,,,,115.7692301963938,-9.415260539165175,2.0108015935743153,-4.08899569784087,2.0108015935743153,0.0001676696159866205
29,29,AST-02,110,1534.04,NLLFR,Landen klei,31.5,31.5,8.6,12.0,15.8,14.3,11.2,5.8,0.0,0.5,0.0,0.0,0.0,0.1,0.0,0.0,0.0,0.0,0.0,0.0,0.1,0.0,0.1,0.0,0.0,0.0,0.0,0.0,0.0,0.315,,,12.0,1.2e-05,7.27,,20.1,2.61,0.201,7.174932391e-15,1534.0,56.761925,2.292744,0.021578,26.643440000000002,,,,,,167.525485891543,-11.099254184433345,0.8691479977328974,-4.8203448455409825,0.8691479977328974,1.560851954755797e-05
30,30,AST-02,111,1534.6,NLLFR,Landen klei,34.2,34.2,8.2,10.8,14.9,14.3,7.2,6.5,2.5,0.8,0.1,0.0,0.0,0.1,0.1,0.0,0.0,0.1,0.1,0.0,0.0,0.0,0.0,0.0,0.0,0.0,0.0,0.1,0.0,0.342,,,12.0,1.2e-05,16.7,,19.1,2.6,0.191,1.648161911e-14,1534.6,58.305389,2.2595520000000002,0.019443000000000002,27.349957,,,,,,156.78439701865378,-11.218773813173947,0.8309690397203928,-4.872251560782147,0.8309690397203928,9.250061194433101e-06
31,31,AST-02,112,1535.1,NLLFR,Landen klei,6.2,6.2,10.9,14.1,13.7,8.4,5.2,4.0,2.9,12.2,10.7,6.7,3.0,0.3,0.2,0.1,0.1,0.1,0.1,0.1,0.1,0.1,0.1,0.1,0.2,0.2,0.2,0.0,0.0,0.062,,,6.0,6e-06,,,,,,,1535.1,54.573311,2.298526,0.030249,27.857712,,,,,,187.101947212439,-10.682870066888817,1.3491326453710313,-4.639511520939236,1.3491326453710313,2.4907165194093258e-05
32,32,AST-02,113,1229.1,NMVFV,Zand van Voort,6.7,6.7,8.5,11.4,11.0,7.7,5.4,5.9,7.4,11.7,11.4,7.6,3.8,0.4,0.2,0.1,0.1,0.1,0.1,0.1,0.1,0.0,0.0,0.0,0.2,0.1,0.0,0.0,0.0,0.067,,,69.0,6.9e-05,19.0,,30.0,2.63,0.3,1.87515427e-14,1229.1,61.175339,,,,,,,,,156.29854861529404,-10.49650375952784,1.2154269614239224,-4.558573662039679,1.2154269614239224,4.472999556457922e-05
33,33,AST-02,114,1229.6,NMVFV,Zand van Voort,5.8,5.8,10.5,12.1,12.2,8.7,5.3,4.6,3.5,11.2,12.8,8.5,4.1,0.4,0.1,0.0,0.0,0.0,0.1,0.1,0.0,0.0,0.0,0.0,0.0,0.0,0.0,0.0,0.0,0.057999999999999996,,,81.0,8.1e-05,7.52,,30.4,2.61,0.304,7.421663216e-15,1229.6,61.650780000000005,,,,,,,,,175.5116941467307,-10.649653548251573,1.2983207599425841,-4.625085770187043,1.2983207599425841,2.578530631091561e-05
34,34,AST-02,115,1230.1,NMVFV,Zand van Voort,5.7,5.7,8.6,10.9,10.4,7.8,5.5,6.3,6.3,11.1,12.5,8.9,4.7,0.5,0.2,0.1,0.1,0.1,0.1,0.1,0.1,0.0,0.0,0.0,0.0,0.0,0.0,0.0,0.0,0.057,,,81.0,8.1e-05,7.25,,31.2,2.61,0.312,7.155193925000001e-15,1230.1,71.933914,,,,,,,,,154.5930253504592,-10.388405062393064,1.1954426170287369,-4.511626994373115,1.1954426170287369,4.991454692566311e-05
35,35,AST-02,116,1230.6,NMVFV,Zand van Voort,5.1,5.1,8.9,11.4,11.1,8.5,5.7,6.1,6.1,12.7,12.5,7.9,3.3,0.3,0.1,0.0,0.0,0.0,0.1,0.1,0.1,0.0,0.0,0.0,0.0,0.0,0.0,0.0,0.0,0.051,,,81.0,8.1e-05,7.33,,31.7,2.62,0.317,7.234147789e-15,1230.6,71.54316700000001,,,,,,,,,160.7402944855636,-10.486834275116944,1.1835424263539325,-4.554374258317176,1.1835424263539325,3.692902420115488e-05
36,36,AST-02,117,1231.1,NMVFV,Zand van Voort,9.4,9.4,8.6,12.7,12.0,8.0,5.0,5.2,4.8,13.4,11.4,6.3,2.5,0.2,0.1,0.1,0.1,0.1,0.1,0.0,0.0,0.0,0.0,0.0,0.0,0.0,0.0,0.0,0.0,0.094,,,69.0,6.9e-05,26.4,,32.9,2.62,0.32899999999999996,2.605477512e-14,1231.1,64.14825400000001,,,,,,,,,162.39269640012054,-10.599478574140711,1.304527308977105,-4.603295055801058,1.304527308977105,3.444556789084499e-05
37,37,AST-02,119,1232.1,NMVFV,Zand van Voort,9.5,9.5,8.2,12.1,11.5,8.0,5.4,5.8,5.1,13.5,10.9,6.3,3.0,0.3,0.1,0.1,0.1,0.1,0.0,0.0,0.0,0.0,0.0,0.0,0.0,0.0,0.0,0.0,0.0,0.095,,,69.0,6.9e-05,,,,,,,1232.1,58.807922,,,,,,,,,156.90992604599086,-10.556772694312727,1.1560679564786611,-4.58474812784694,1.1560679564786611,4.1835946956548456e-05
38,38,AST-02,124,1234.7,NMVFV,Zand van Voort,6.6,6.6,9.7,13.6,12.3,7.9,4.8,4.7,3.3,10.6,10.6,9.2,5.9,0.5,0.1,0.0,0.1,0.0,0.1,0.0,0.0,0.0,0.0,0.0,0.0,0.0,0.0,0.0,0.0,0.066,,,6.0,6e-06,6.51,,29.3,2.6,0.293,6.424870683000001e-15,1234.7,58.380897999999995,,,,,,,,,173.7662359138029,-10.501612429400598,1.1381212181932285,-4.560792329175283,1.1381212181932285,2.8815548081059935e-05
39,39,AST-02,66,1510.9,NMRFS,Zand van Berg,0.9,0.9,1.9,2.4,1.9,0.8,0.5,0.5,0.3,4.9,10.7,24.3,30.6,9.8,8.1,1.2,0.3,0.3,0.3,0.0,0.1,0.1,0.0,0.1,0.0,0.0,0.0,0.0,0.0,0.009000000000000001,3.437,0.856,115.0,0.00011499999999999999,1150.0,,34.9,2.64,0.349,1.134961795e-12,1510.9,53.684082,2.130843,0.021297,28.027896999999996,,,,,,47.89791713480351,-9.3398608612766,0.7759777196417038,-4.056250033796581,0.7759777196417038,0.00011515584070664755
40,40,AST-02,38,1247.35,NMVFV,Zand van Voort,10.5,10.5,2.7,3.8,4.3,3.9,3.0,4.8,4.9,0.4,0.7,1.0,1.8,3.5,4.0,13.5,13.1,12.3,11.4,0.2,0.1,0.1,0.0,0.0,0.0,0.0,0.0,0.0,0.0,0.105,3.58,1.83,192.0,0.000192,101.0,,31.2,2.6,0.312,9.96792533e-14,1247.3,66.13401800000001,,,,,,,,,60.65948694950356,-9.17678062808638,1.289521984713462,-3.9854251884145717,1.289521984713462,0.00018308282023194426
41,41,AST-02,39,1502.8,NMRFS,Zand van Berg,,,,,,,,,,,,,,,,,,,,,,,,,,,,,,,,,,,638.0,,35.6,2.67,0.35600000000000004,6.296570654e-13,1502.8,47.700554,2.136516,0.016,26.525459,0.0,0.3,0.65,0.05,0.0,,,,,,
42,42,AST-02,40,1503.1,NMRFS,Zand van Berg,1.8,1.8,2.8,3.4,3.0,1.6,1.1,1.0,0.6,6.3,12.4,22.6,35.6,5.9,1.3,0.2,0.1,0.2,0.1,0.0,0.0,0.0,0.0,0.0,0.0,0.0,0.0,0.0,0.0,0.018000000000000002,3.68,0.97,115.0,0.00011499999999999999,1350.0,,36.8,2.66,0.368,1.332346455e-12,1503.1,49.181877,2.168078,0.024031999999999998,26.394569,,,,,,62.02504850556004,-9.498674062769922,0.8656080887622586,-4.125221730858518,0.8656080887622586,9.48067974239755e-05
43,43,AST-02,41,1503.4,NMRFS,Zand van Berg,,,,,,,,,,,,,,,,,,,,,,,,,,,,,,,,,,,998.0,,34.1,2.67,0.341,9.849494534e-13,1503.4,49.59819,2.1951959999999997,0.028124,26.459991,,,,,,,,,,,
44,44,AST-02,42,1503.7,NMRFS,Zand van Berg,,,,,,,,,,,,,,,,,,,,,,,,,,,,,,,,,,,622.0,,33.5,2.66,0.335,6.138662926e-13,1503.7,48.003159000000004,2.196104,0.027951999999999998,26.528361999999998,,,,,,,,,,,
45,45,AST-02,43,1504.0,NMRFS,Zand van Berg,,,,,,,,,,,,,,,,,,,,,,,,,,,,,,,,,,,884.0,,35.6,2.67,0.35600000000000004,8.724401972e-13,1504.0,45.736359,2.170259,0.023518,26.599937,,,,,,,,,,,
46,46,AST-02,44,1504.3,NMRFS,Zand van Berg,,,,,,,,,,,,,,,,,,,,,,,,,,,,,,,,,,,307.0,,30.1,2.63,0.301,3.029854531e-13,1504.3,45.715019,2.142929,0.013747,26.649836999999998,,,,,,,,,,,
47,47,AST-02,45,1504.6,NMRFS,Zand van Berg,,,,,,,,,,,,,,,,,,,,,,,,,,,,,,,,,,,960.0,,36.3,2.66,0.363,9.47446368e-13,1504.6,45.912971,2.139174,0.012,27.199013,,,,,,,,,,,
48,48,AST-02,46,1504.9,NMRFS,Zand van Berg,5.9,5.9,4.2,4.6,3.5,2.0,1.3,1.4,2.4,7.8,18.6,24.9,20.6,2.0,0.4,0.1,0.1,0.1,0.1,0.0,0.0,0.0,0.0,0.0,0.0,0.0,0.0,0.0,0.0,0.059000000000000004,4.02,1.11,96.0,9.6e-05,244.0,,31.4,2.69,0.314,2.408092852e-13,1504.9,43.269073,2.132095,0.013266,27.225151,,,,,,78.60420040384965,-9.709436538301015,1.0712418580931653,-4.216754710973941,1.0712418580931653,0.00010196498128559662
49,49,AST-02,47,1502.2,NMRFS,Zand van Berg,2.1,2.1,1.9,2.9,2.3,1.6,1.2,1.5,2.8,7.3,21.1,29.7,22.4,2.2,0.6,0.1,0.1,0.1,0.1,0.0,0.0,0.0,0.0,0.0,0.0,0.0,0.0,0.0,0.0,0.021,3.8,0.95,96.0,9.6e-05,2520.0,,37.6,2.66,0.376,2.487046716e-12,1502.2,51.282303000000006,2.135538,0.011613,27.876282,0.0,0.3,0.65,0.05,0.0,54.33445901864242,-9.53236495400122,0.8146574596699103,-4.139853499010674,0.8146574596699103,9.54642079085533e-05
50,50,AST-02,48,1505.5,NMRFS,Zand van Berg,1.9,1.9,2.5,3.3,2.3,1.4,0.8,1.1,2.4,6.2,19.4,28.7,25.4,3.4,0.8,0.2,0.1,0.0,0.1,0.0,0.0,0.0,0.0,0.0,0.0,0.0,0.0,0.0,0.0,0.019,3.76,0.95,96.0,9.6e-05,516.0,,32.5,2.67,0.325,5.092524228e-13,1505.5,41.948502000000005,2.1628580000000004,0.046326,26.360560999999997,,,,,,59.227579842758324,-9.529613254348554,0.859480091079418,-4.138658451035667,0.859480091079418,9.414270069103293e-05
51,51,AST-02,49,1505.8,NMRFS,Zand van Berg,1.4,1.4,2.5,3.0,2.5,1.2,0.7,0.9,1.2,6.4,20.4,29.3,26.0,3.5,0.8,0.1,0.0,0.0,0.1,0.0,0.0,0.0,0.0,0.0,0.0,0.0,0.0,0.0,0.0,0.013999999999999999,3.7,0.89,96.0,9.6e-05,1370.0,,36.7,2.66,0.36700000000000005,1.352084921e-12,1505.8,40.300072,2.15501,0.038959,26.814334999999996,,,,,,58.18633320605341,-9.47824575902216,0.8340059675202647,-4.116349831266222,0.8340059675202647,0.0001044715821382457
52,52,AST-02,50,1506.1,NMRFS,Zand van Berg,1.4,1.4,2.0,3.1,2.6,1.7,1.0,1.6,1.4,7.8,19.1,28.1,23.1,2.7,0.7,0.2,0.4,0.6,1.1,0.7,0.2,0.3,0.1,0.1,0.0,0.0,0.0,0.0,0.0,0.013999999999999999,3.69,1.01,96.0,9.6e-05,748.0,,34.1,2.66,0.341,7.382186284000001e-13,1506.1,39.805237,2.12072,0.015597,26.662215999999997,,,,,,55.54988433911337,-9.524866486882019,0.8957464106767222,-4.136596956118073,0.8957464106767222,9.03264733724645e-05
53,53,AST-02,51,1506.4,NMRFS,Zand van Berg,1.7,1.7,2.7,3.8,2.8,1.5,0.8,1.3,0.7,6.2,15.3,31.3,25.7,2.9,1.0,0.2,0.3,0.4,0.5,0.5,0.2,0.2,0.0,0.0,0.0,0.0,0.0,0.0,0.0,0.017,3.7,0.99,96.0,9.6e-05,793.0,,35.3,2.67,0.353,7.826301769e-13,1506.4,40.763366999999995,2.098352,0.0021609999999999997,27.505245000000002,,,,,,62.70603327923878,-9.500088611593196,0.8510143692340384,-4.125836061606847,0.8510143692340384,9.95504603401959e-05
54,54,AST-02,52,1506.7,NMRFS,Zand van Berg,1.1,1.1,1.3,2.4,1.9,1.3,0.8,1.4,1.7,5.2,15.6,32.1,29.0,3.2,1.3,0.2,0.2,0.3,0.4,0.3,0.1,0.1,0.1,0.0,0.0,0.0,0.0,0.0,0.0,0.011000000000000001,3.61,0.89,96.0,9.6e-05,1270.0,,35.6,2.66,0.35600000000000004,1.253392591e-12,1506.7,44.805428000000006,2.093804,0.005078,27.945068,,,,,,46.03326638745718,-9.385539094633904,0.6968541820310966,-4.076087838486747,0.6968541820310966,9.342400325779503e-05
55,55,AST-02,53,1507.0,NMRFS,Zand van Berg,1.3,1.3,2.0,3.3,2.5,1.5,0.7,1.3,0.8,4.6,13.1,32.7,30.5,3.4,1.6,0.2,0.1,0.1,0.1,0.2,0.0,0.0,0.0,0.0,0.0,0.0,0.0,0.0,0.0,0.013000000000000001,3.65,0.91,96.0,9.6e-05,1550.0,,38.1,2.65,0.381,1.529731115e-12,1507.0,47.184578,2.103652,0.014231,27.75,,,,,,55.12980617440557,-9.429605502498676,0.7708182984120421,-4.095225636259714,0.7708182984120421,9.887840988493186e-05
56,56,AST-02,54,1507.3,NMRFS,Zand van Berg,1.8,1.8,1.9,3.6,3.0,1.9,1.2,1.4,0.4,5.5,18.4,32.7,24.1,2.0,1.2,0.3,0.1,0.1,0.2,0.2,0.0,0.0,0.0,0.0,0.0,0.0,0.0,0.0,0.0,0.018000000000000002,3.74,3.95,96.0,9.6e-05,620.0,,34.3,2.65,0.34299999999999997,6.118924460000001e-13,1507.3,45.538810999999995,2.109222,0.019571,27.71677,,,,,,57.403053896128924,-9.530324279650424,0.8315590633895494,-4.138967245400763,0.8315590633895494,9.25138485402798e-05
57,57,AST-02,55,1507.6,NMRFS,Zand van Berg,1.1,1.1,1.5,2.5,2.0,1.5,0.9,1.5,1.2,6.2,19.1,35.4,22.4,1.8,1.7,0.4,0.2,0.1,0.1,0.1,0.1,0.1,0.0,0.1,0.0,0.0,0.0,0.0,0.0,0.011000000000000001,3.66,0.88,96.0,9.6e-05,1180.0,,35.5,2.65,0.355,1.164569494e-12,1507.6,39.339523,2.098201,0.016441,27.190784000000004,,,,,,48.83209190895455,-9.454965203226939,0.7249876501515041,-4.106239214348717,0.7249876501515041,8.921980638548081e-05
58,58,AST-02,56,1507.9,NMRFS,Zand van Berg,0.9,0.9,1.3,2.0,1.8,1.2,0.8,1.2,1.0,6.9,22.2,30.0,21.9,3.8,3.5,0.9,0.3,0.1,0.1,0.0,0.0,0.0,0.1,0.0,0.0,0.0,0.0,0.0,0.0,0.009000000000000001,3.6,0.83,96.0,9.6e-05,1550.0,,35.6,2.65,0.35600000000000004,1.529731115e-12,1507.9,38.687034999999995,2.096524,0.018616,26.874233,,,,,,44.769818457813585,-9.420181760636364,0.7069374116911895,-4.091132957170034,0.7069374116911895,8.936833807789842e-05
59,59,AST-02,57,1508.2,NMRFS,Zand van Berg,0.8,0.8,1.0,1.7,1.6,1.2,0.8,1.2,1.7,6.1,17.6,30.5,24.9,4.1,4.9,1.2,0.3,0.2,0.1,0.0,0.0,0.0,0.0,0.1,0.0,0.0,0.0,0.0,0.0,0.008,3.56,0.84,96.0,9.6e-05,1670.0,,34.8,2.65,0.348,1.648161911e-12,1508.2,46.980315999999995,2.1103560000000003,0.023765,27.293045000000003,,,,,,40.73032547857324,-9.401356022731669,0.6787477053278643,-4.082957043080267,0.6787477053278643,9.208961775455504e-05
60,60,AST-02,58,1508.5,NMRFS,Zand van Berg,0.6,0.6,1.0,1.4,1.3,0.8,0.6,0.8,0.8,3.8,13.7,29.3,28.7,6.3,8.1,2.0,0.5,0.2,0.1,0.0,0.0,0.0,0.0,0.0,0.0,0.0,0.0,0.0,0.0,0.006,3.42,0.77,96.0,9.6e-05,1780.0,,36.3,2.65,0.363,1.756723474e-12,1508.5,50.056923,2.1244650000000003,0.027938,27.406384000000003,,,,,,37.409940567570274,-9.282147287973167,0.6330631298626759,-4.0311853473799815,0.6330631298626759,9.051204921947885e-05
61,61,AST-02,59,1508.8,NMRFS,Zand van Berg,0.6,0.6,1.1,1.5,1.5,1.0,0.8,1.3,1.3,5.0,14.9,26.9,27.7,6.2,7.0,2.0,0.5,0.3,0.2,0.1,0.0,0.0,0.1,0.0,0.0,0.0,0.0,0.0,0.0,0.006,3.48,0.84,115.0,0.00011499999999999999,1410.0,,34.9,2.64,0.349,1.3915618530000001e-12,1508.8,48.397858,2.122377,0.023306999999999998,27.35107,,,,,,39.580776158678134,-9.299969293645193,0.6163383289842052,-4.038925346099789,0.6163383289842052,9.894108924862004e-05
62,62,AST-02,62,1509.7,NMRFS,Zand van Berg,0.5,0.5,0.7,1.3,1.2,0.8,0.7,0.7,0.2,3.9,13.9,23.0,27.1,11.5,12.4,1.5,0.3,0.1,0.1,0.0,0.0,0.0,0.1,0.0,0.0,0.0,0.0,0.0,0.0,0.005,3.34,0.74,115.0,0.00011499999999999999,2740.0,,37.1,2.64,0.371,2.704169842e-12,1509.7,50.622765,2.135042,0.028913,27.579165999999997,,,,,,34.02548515484524,-9.203119439197401,0.5832482819914445,-3.996863988739981,0.5832482819914445,0.0001170536100500831
63,63,AST-02,63,1510.0,NMRFS,Zand van Berg,1.0,1.0,1.5,2.0,1.6,1.0,0.7,1.1,1.1,5.3,15.1,18.7,27.3,11.0,10.5,1.4,0.3,0.1,0.1,0.1,0.0,0.0,0.1,0.0,0.0,0.0,0.0,0.0,0.0,0.01,3.46,0.88,115.0,0.00011499999999999999,1220.0,,35.2,2.64,0.35200000000000004,1.2040464259999998e-12,1510.0,50.14817,2.1338209999999997,0.034518,27.599873,,,,,,43.72604746863815,-9.35338764040946,0.7133460024892351,-4.062124639331907,0.7133460024892351,0.00010899156666320825
64,64,AST-02,68,1511.5,NMRFS,Zand van Berg,0.9,0.9,2.3,3.0,2.4,1.3,0.8,0.9,1.6,6.4,16.5,29.4,26.8,2.7,3.5,0.7,0.3,0.2,0.1,0.1,0.1,0.0,0.0,0.0,0.0,0.0,0.0,0.0,0.0,0.009000000000000001,3.65,0.92,69.0,6.9e-05,1210.0,,35.0,2.63,0.35,1.1941771929999999e-12,1511.5,52.380943,2.12114,0.035168,27.353363,,,,,,56.30108391998254,-9.47969087267271,0.835055028893162,-4.116977436150379,0.835055028893162,0.0001009425776449581
65,65,AST-02,69,1511.8,NMRFS,Zand van Berg,0.9,0.9,2.7,3.6,3.1,1.6,1.0,1.2,1.5,5.9,14.1,25.7,29.8,3.7,4.1,0.6,0.2,0.1,0.1,0.1,0.0,0.0,0.0,0.0,0.0,0.0,0.0,0.0,0.0,0.009000000000000001,3.69,0.98,115.0,0.00011499999999999999,651.0,,33.8,2.65,0.33799999999999997,6.424870683e-13,1511.8,53.8564,2.111427,0.03,27.389542,,,,,,62.61165740613346,-9.541786433456819,0.9015381939720445,-4.143945195549607,0.9015381939720445,9.308003066500685e-05
66,66,AST-02,70,1512.75,NMRFS,Zand van Berg,0.4,0.4,1.2,1.7,1.3,0.7,0.6,0.9,1.3,5.6,14.2,28.3,36.4,3.3,3.2,0.3,0.2,0.1,0.1,0.0,0.0,0.0,0.0,0.1,0.0,0.0,0.0,0.1,0.0,0.004,3.49,0.78,115.0,0.00011499999999999999,1350.0,,36.6,2.65,0.366,1.332346455e-12,1512.8,58.077934,2.121296,0.035929,27.797321000000004,,,,,,40.80070884508802,-9.317508147237609,0.6527097888383049,-4.046542373433886,0.6527097888383049,0.0001007976493448634
67,67,AST-02,71,1513.25,NMRFS,Zand van Berg,0.2,0.2,1.0,1.9,2.1,1.4,1.0,1.1,1.3,7.6,17.9,28.2,31.5,2.4,1.8,0.2,0.1,0.1,0.1,0.1,0.0,0.0,0.0,0.0,0.0,0.0,0.0,0.0,0.0,0.002,3.6,0.81,115.0,0.00011499999999999999,713.0,,35.5,2.64,0.355,7.036763129000001e-13,1513.3,53.028275,2.210226,0.048803,27.230858,,,,,,43.07083040805048,-9.412698788132607,0.6612954473940744,-4.087883143503413,0.6612954473940744,9.946598781417232e-05
68,68,AST-02,72,1513.75,NLLFR,Basaal Zand van Dongen,0.3,0.3,1.4,2.6,2.9,1.9,1.2,1.3,1.4,5.8,15.9,30.1,31.0,2.0,1.7,0.2,0.1,0.1,0.1,0.0,0.0,0.0,0.0,0.0,0.0,0.0,0.0,0.0,0.0,0.003,3.66,0.89,115.0,0.00011499999999999999,1010.0,,35.6,2.64,0.35600000000000004,9.96792533e-13,1513.8,54.188141,2.243093,0.048833999999999995,26.752159000000002,,,,,,50.205956160151594,-9.45972701536495,0.7725236863222326,-4.1083072430841145,0.7725236863222326,9.862942317174624e-05
69,69,AST-02,73,1514.25,NLLFR,Basaal Zand van Dongen,0.3,0.3,1.2,2.3,2.5,1.7,1.2,1.3,1.7,7.3,16.3,28.7,31.8,2.0,1.2,0.1,0.1,0.1,0.1,0.0,0.0,0.1,0.0,0.0,0.0,0.0,0.0,0.0,0.0,0.003,3.65,0.87,115.0,0.00011499999999999999,871.0,,35.2,2.65,0.35200000000000004,8.596101943000001e-13,1514.3,53.394707,2.274233,0.052235000000000004,26.19865,,,,,,47.06459187878388,-9.450869632542885,0.7011245224047274,-4.104460530600388,0.7011245224047274,9.050132332992614e-05
70,70,AST-02,74,1514.72,NLLFR,Basaal Zand van Dongen,0.4,0.4,1.3,2.4,2.4,1.4,0.8,0.9,1.5,8.2,19.2,30.6,28.2,1.4,0.9,0.1,0.1,0.1,0.1,0.0,0.0,0.0,0.0,0.0,0.0,0.0,0.0,0.0,0.0,0.004,3.65,0.83,96.0,9.6e-05,716.0,,34.4,2.66,0.344,7.066370828e-13,1514.7,51.592789,2.255985,0.033285,26.372444,,,,,,47.7750451777579,-9.458212769616834,0.7272429659075728,-4.1076496145114625,0.7272429659075728,9.536941787879991e-05
71,71,AST-02,75,1515.25,NLLFR,Basaal Zand van Dongen,18.2,18.2,2.8,7.1,8.6,7.5,5.8,16.7,29.0,3.0,0.2,0.3,0.3,0.1,0.0,0.1,0.1,0.1,0.1,0.0,0.0,0.0,0.0,0.0,0.0,0.0,0.0,0.0,0.0,0.182,,,56.0,5.6000000000000006e-05,28.5,,30.4,2.67,0.304,2.8127314049999995e-14,1515.3,55.140327,2.287974,0.039887,26.806061,,,,,,98.55246539913449,-10.493585775938644,0.899344175089744,-4.557306397868607,0.899344175089744,4.312654885940116e-05
72,72,AST-02,76,1515.75,NLLFR,Basaal Zand van Dongen,11.0,11.0,5.0,8.9,11.4,10.0,8.1,15.7,26.4,2.5,0.2,0.1,0.1,0.0,0.1,0.1,0.1,0.1,0.1,0.1,0.0,0.0,0.0,0.0,0.0,0.0,0.0,0.0,0.0,0.11,,,56.0,5.6000000000000006e-05,14.9,,29.7,2.67,0.297,1.4705157169999997e-14,1515.8,48.548515,2.228168,0.041105,27.456260999999998,,,,,,129.90692898841635,-10.5943587474594,0.8880170152603594,-4.601071543325064,0.8880170152603594,4.026568373588758e-05
73,73,AST-02,77,1516.28,NLLFR,Basaal Zand van Dongen,4.6,4.6,9.9,13.4,13.6,9.5,5.0,3.9,11.9,25.2,2.3,0.3,0.1,0.0,0.0,0.0,0.1,0.1,0.1,0.0,0.0,0.0,0.0,0.0,0.0,0.0,0.0,0.0,0.0,0.046,,,69.0,6.9e-05,8.13,,22.6,2.65,0.226,8.023686429e-15,1516.3,47.846588,2.170016,0.017289,27.427448,,,,,,181.0789357464014,-10.71925359631427,1.131144265490721,-4.655312687000874,1.131144265490721,2.678419734794365e-05
74,74,AST-02,78,1516.78,NLLFR,Basaal Zand van Dongen,13.5,13.5,10.0,15.5,20.2,16.1,11.4,7.1,2.4,3.2,0.2,0.0,0.1,0.0,0.0,0.1,0.0,0.0,0.1,0.1,0.0,0.0,0.0,0.0,0.0,0.0,0.0,0.0,0.0,0.135,,,12.0,1.2e-05,3.88,,26.1,2.67,0.261,3.829262404e-15,1516.8,48.027840000000005,2.181334,0.027882,26.479534,,,,,,204.35510766864456,-11.178135096762439,0.8424257589496376,-4.854602390493,0.8424257589496376,1.1392053195496794e-05
