,sample,reference,clay_type,porosity,permeability_measured,clay_fraction,kaolinite_fraction,illite_fraction,smectite_fraction,specific_surface_granular_fraction,notes,k_kaolinite,k_illite,k_smectite,k_clay,k_granular,power_mean_exponent,k_calculated
0,1,Al-Tabbaa_Wood_1987,kaolinite,0.49337159124526003,5.0877761204708294e-17,1,1,0,0,15,vertical_permeability,5.601359961922857e-17,1.396970211011057e-19,1.0888830422847297e-21,5.601359961922869e-17,1.79280034601306e-10,0.0,5.601359961922869e-17
1,2,Al-Tabbaa_Wood_1987,kaolinite,0.49473815986680003,4.6565470196812396e-17,1,1,0,0,15,vertical_permeability,5.712992065402359e-17,1.4245528684447314e-19,1.10697202570124e-21,5.712992065402378e-17,1.8277193434327098e-10,0.0,5.712992065402378e-17
2,3,Al-Tabbaa_Wood_1987,kaolinite,0.49619678993635996,1.42786777611326e-16,1,1,0,0,15,horizontal permeability,5.834592931752029e-17,1.4545930316586785e-19,1.1266101086351921e-21,5.834592931752021e-17,1.8657466593291627e-10,0.0,5.834592931752021e-17
3,4,Al-Tabbaa_Wood_1987,kaolinite,0.49908691665285,4.6007643843277095e-17,1,1,0,0,15,vertical_permeability,6.083216077389879e-17,1.5159948904265323e-19,1.166553605338074e-21,6.083216077389856e-17,1.9434659677973292e-10,0.0,6.083216077389856e-17
4,5,Al-Tabbaa_Wood_1987,kaolinite,0.5006520168947299,5.61685215441802e-17,1,1,0,0,15,vertical_permeability,6.222244090800106e-17,1.5503201946692506e-19,1.188771748515984e-21,6.222244090800091e-17,1.9869088934986452e-10,0.0,6.222244090800091e-17
5,6,Al-Tabbaa_Wood_1987,kaolinite,0.50228680795271,1.5265814914759099e-16,1,1,0,0,15,horizontal permeability,6.370857961903738e-17,1.5870044128926902e-19,1.2124314049925236e-21,6.370857961903757e-17,2.0333343450685954e-10,0.0,6.370857961903757e-17
6,7,Al-Tabbaa_Wood_1987,kaolinite,0.50841923975336,1.5846012443066998e-16,1,1,0,0,15,horizontal permeability,6.960742451648211e-17,1.7325371872320513e-19,1.3054684336899672e-21,6.960742451648194e-17,2.2174881864059212e-10,0.0,6.960742451648194e-17
7,8,Al-Tabbaa_Wood_1987,kaolinite,0.5133162688845,1.64065774348504e-16,1,1,0,0,15,horizontal permeability,7.470963553815514e-17,1.8583241129728567e-19,1.3848926505470646e-21,7.470963553815544e-17,2.376634706793564e-10,0.0,7.470963553815544e-17
8,9,Al-Tabbaa_Wood_1987,kaolinite,0.51439983788927,5.106719369197571e-17,1,1,0,0,15,vertical_permeability,7.588854851605288e-17,1.887376920453346e-19,1.4031150460117184e-21,7.588854851605258e-17,2.4133907861436985e-10,0.0,7.588854851605258e-17
9,10,Al-Tabbaa_Wood_1987,kaolinite,0.51756414218268,1.73243118452408e-16,1,1,0,0,15,horizontal permeability,7.943978030435113e-17,1.97486770909033e-19,1.4577275430877883e-21,7.943978030435087e-17,2.524077244440477e-10,0.0,7.943978030435087e-17
10,11,Al-Tabbaa_Wood_1987,kaolinite,0.52303009430945,1.84757464074647e-16,1,1,0,0,15,horizontal permeability,8.59742933580011e-17,2.135764100218712e-19,1.5571834366380502e-21,8.5974293358001e-17,2.727628195153477e-10,0.0,8.5974293358001e-17
11,12,Al-Tabbaa_Wood_1987,kaolinite,0.52489486513386,7.843194637158201e-17,1,1,0,0,15,vertical_permeability,8.832596499900862e-17,2.193640313484525e-19,1.592666680915173e-21,8.832596499900866e-17,2.8008489054663496e-10,0.0,8.832596499900866e-17
12,13,Al-Tabbaa_Wood_1987,kaolinite,0.52792745218626,1.89886020357654e-16,1,1,0,0,15,horizontal permeability,9.22905354696142e-17,2.291179197764062e-19,1.6521362752470554e-21,9.229053546961425e-17,2.9242514030264605e-10,0.0,9.229053546961425e-17
13,14,Al-Tabbaa_Wood_1987,kaolinite,0.53342832316614,1.96127725854669e-16,1,1,0,0,15,horizontal permeability,9.994946619558553e-17,2.4795014989642025e-19,1.7658495228474357e-21,9.994946619558532e-17,3.16252881064393e-10,0.0,9.994946619558532e-17
14,15,Al-Tabbaa_Wood_1987,kaolinite,0.53568610443747,9.67551281803144e-17,1,1,0,0,15,vertical_permeability,1.0327747901607318e-16,2.5612907114491394e-19,1.8148076735229114e-21,1.0327747901607303e-16,3.2660241568352167e-10,0.0,1.0327747901607303e-16
15,16,Al-Tabbaa_Wood_1987,kaolinite,0.53573180670973,6.13526029156499e-17,1,1,0,0,15,vertical_permeability,1.03345999218293e-16,2.562974406281728e-19,1.815812906289302e-21,1.033459992182928e-16,3.2681547660915226e-10,0.0,1.033459992182928e-16
16,17,Al-Tabbaa_Wood_1987,kaolinite,0.53893892887604,2.0009534834211297e-16,1,1,0,0,15,horizontal permeability,1.082720624185939e-16,2.6839923627889756e-19,1.887798099745539e-21,1.0827206241859395e-16,3.421304163227281e-10,0.0,1.0827206241859395e-16
17,18,Al-Tabbaa_Wood_1987,kaolinite,0.54256226623079,2.09209303017355e-16,1,1,0,0,15,horizontal permeability,1.1412694258776968e-16,2.827762850828626e-19,1.972657693658811e-21,1.1412694258776958e-16,3.6032719163396443e-10,0.0,1.1412694258776958e-16
18,19,Al-Tabbaa_Wood_1987,kaolinite,0.54760567963807,8.16948900519606e-17,1,1,0,0,15,vertical_permeability,1.228207837620375e-16,3.0411219276295463e-19,2.0973560957345146e-21,1.2282078376203772e-16,3.8733730109668417e-10,0.0,1.2282078376203772e-16
19,20,Al-Tabbaa_Wood_1987,kaolinite,0.55112659854598,2.12433005048183e-16,1,1,0,0,15,horizontal permeability,1.2929056556775231e-16,3.1998088607873297e-19,2.1892067196964095e-21,1.2929056556775244e-16,4.074310251826148e-10,0.0,1.2929056556775244e-16
20,21,Al-Tabbaa_Wood_1987,kaolinite,0.55401751961365,1.02253869740015e-16,1,1,0,0,15,vertical_permeability,1.3486421835970874e-16,3.336457454912153e-19,2.2677273843002963e-21,1.3486421835970857e-16,4.247376816571586e-10,0.0,1.3486421835970857e-16
21,22,Al-Tabbaa_Wood_1987,kaolinite,0.5565522573016201,2.24331878286094e-16,1,1,0,0,15,horizontal permeability,1.3995463727235551e-16,3.4612132848248143e-19,2.338973110717151e-21,1.3995463727235524e-16,4.4054109995084133e-10,0.0,1.3995463727235524e-16
22,23,Al-Tabbaa_Wood_1987,kaolinite,0.55707291200442,1.02272730883025e-16,1,1,0,0,15,vertical_permeability,1.4102454376351227e-16,3.487429168632295e-19,2.353892713186934e-21,1.4102454376351232e-16,4.438623638835852e-10,0.0,1.4102454376351232e-16
23,24,Al-Tabbaa_Wood_1987,kaolinite,0.55737128166609,1.2702131152526002e-16,1,1,0,0,15,vertical_permeability,1.4164147067554247e-16,3.5025448774001737e-19,2.3624871198883788e-21,1.4164147067554222e-16,4.4577741738255696e-10,0.0,1.4164147067554222e-16
24,25,Al-Tabbaa_Wood_1987,kaolinite,0.56071738184689,2.4159224672472997e-16,1,1,0,0,15,horizontal permeability,1.487539799521637e-16,3.6767698634570437e-19,2.461133067456638e-21,1.4875397995216397e-16,4.678536853608043e-10,0.0,1.4875397995216397e-16
25,26,Al-Tabbaa_Wood_1987,kaolinite,0.56310822375659,2.4948704125830397e-16,1,1,0,0,15,horizontal permeability,1.5406130871647784e-16,3.80672586503313e-19,2.5342345041468105e-21,1.5406130871647765e-16,4.843244767085957e-10,0.0,1.5406130871647765e-16
26,27,Al-Tabbaa_Wood_1987,kaolinite,0.56517362078673,1.38178983215159e-16,1,1,0,0,15,vertical_permeability,1.5880389143001108e-16,3.9228185836375745e-19,2.5992060298055334e-21,1.5880389143001103e-16,4.990410994845049e-10,0.0,1.5880389143001103e-16
27,28,Al-Tabbaa_Wood_1987,kaolinite,0.5672175395231701,2.76740035695023e-16,1,1,0,0,15,horizontal permeability,1.6364621849502267e-16,4.0413200759872824e-19,2.665214374506525e-21,1.6364621849502297e-16,5.140659209111253e-10,0.0,1.6364621849502297e-16
28,29,Al-Tabbaa_Wood_1987,kaolinite,0.57553001956062,3.1238702893335497e-16,1,1,0,0,15,horizontal permeability,1.8497542102542667e-16,4.562917458983701e-19,2.9522750082828755e-21,1.8497542102542701e-16,5.802343040144736e-10,0.0,1.8497542102542701e-16
29,30,Al-Tabbaa_Wood_1987,kaolinite,0.5758911109336999,1.5871317974487902e-16,1,1,0,0,15,vertical_permeability,1.8596505435733984e-16,4.587104629770658e-19,2.965456740213793e-21,1.8596505435733972e-16,5.833040229580431e-10,0.0,1.8596505435733972e-16
30,31,Al-Tabbaa_Wood_1987,kaolinite,0.5771520426163,1.5296955124054302e-16,1,1,0,0,15,vertical_permeability,1.8946435355633258e-16,4.672619946305222e-19,3.0119744130200015e-21,1.8946435355633266e-16,5.941582195295552e-10,0.0,1.8946435355633266e-16
31,32,Al-Tabbaa_Wood_1987,kaolinite,0.58414179152767,1.81376072135675e-16,1,1,0,0,15,vertical_permeability,2.1014908159082784e-16,5.177822316613571e-19,3.284148845013807e-21,2.1014908159082767e-16,6.583141212321485e-10,0.0,2.1014908159082767e-16
32,33,Al-Tabbaa_Wood_1987,kaolinite,0.5929153681914301,2.1140681953747098e-16,1,1,0,0,15,vertical_permeability,2.3950987130419375e-16,5.894153277583361e-19,3.663052082582472e-21,2.3950987130419365e-16,7.493755841997612e-10,0.0,2.3950987130419365e-16
33,34,Al-Tabbaa_Wood_1987,kaolinite,0.59741636601174,3.9137672304450696e-16,1,1,0,0,15,horizontal permeability,2.5621674938228537e-16,6.301393014160441e-19,3.8751907337490716e-21,2.5621674938228547e-16,8.011936099081866e-10,0.0,2.5621674938228547e-16
34,35,Al-Tabbaa_Wood_1987,kaolinite,0.602584966018,1.90280372359873e-16,1,1,0,0,15,vertical_permeability,2.7692835835251034e-16,6.805913349746896e-19,4.135043056606112e-21,2.769283583525099e-16,8.654381853143356e-10,0.0,2.769283583525099e-16
35,36,Al-Tabbaa_Wood_1987,kaolinite,0.60950017989825,2.1583506012149503e-16,1,1,0,0,15,vertical_permeability,3.074480070902738e-16,7.548725865968085e-19,4.5122081142909296e-21,3.0744800709027364e-16,9.601217780499369e-10,0.0,3.0744800709027364e-16
36,37,Al-Tabbaa_Wood_1987,kaolinite,0.61462899032444,3.70224361347774e-16,1,1,0,0,15,horizontal permeability,3.3237830073951716e-16,8.1549939099443135e-19,4.815711466872297e-21,3.323783007395169e-16,1.0374825180481175e-09,0.0,3.323783007395169e-16
37,38,Al-Tabbaa_Wood_1987,kaolinite,0.61555900697922,2.88721411756886e-16,1,1,0,0,15,vertical_permeability,3.3712465711248943e-16,8.270369994440864e-19,4.873060430919401e-21,3.3712465711248923e-16,1.052212842150021e-09,0.0,3.3712465711248923e-16
38,39,Al-Tabbaa_Wood_1987,kaolinite,0.62938478752517,4.85855353681458e-16,1,1,0,0,15,horizontal permeability,4.1689317317510497e-16,1.0207328341928e-18,5.818491083658358e-21,4.1689317317510497e-16,1.2998817724523528e-09,0.0,4.1689317317510497e-16
39,40,Al-Tabbaa_Wood_1987,kaolinite,0.63242603653337,2.82696214238591e-16,1,1,0,0,15,vertical_permeability,4.3701669217311167e-16,1.0695406414063901e-18,6.052070362035881e-21,4.3701669217311093e-16,1.3623963525407864e-09,0.0,4.3701669217311093e-16
40,41,Al-Tabbaa_Wood_1987,kaolinite,0.6436114399339,3.3944545074056803e-16,1,1,0,0,15,vertical_permeability,5.205044468958123e-16,1.2718221059131522e-18,7.003203339777279e-21,5.205044468958116e-16,1.6219099464676013e-09,0.0,5.205044468958116e-16
41,42,Al-Tabbaa_Wood_1987,kaolinite,0.6485867816380799,5.66695798290184e-16,1,1,0,0,15,horizontal permeability,5.630338200104415e-16,1.3747480938910817e-18,7.477837381634908e-21,5.630338200104404e-16,1.7542056810342273e-09,0.0,5.630338200104404e-16
42,43,Al-Tabbaa_Wood_1987,kaolinite,0.65512007894153,4.3348092618508797e-16,1,1,0,0,15,vertical_permeability,6.246897924636864e-16,1.523837160753668e-18,8.155602735401664e-21,6.24689792463686e-16,1.946114338766633e-09,0.0,6.24689792463686e-16
43,44,Al-Tabbaa_Wood_1987,kaolinite,0.6657588339190699,6.168846909551459e-16,1,1,0,0,15,horizontal permeability,7.413701941633656e-16,1.805619429457624e-18,9.409140085089322e-21,7.413701941633662e-16,2.3096568799077663e-09,0.0,7.413701941633662e-16
44,45,Al-Tabbaa_Wood_1987,kaolinite,0.6665392470046899,5.166875447907081e-16,1,1,0,0,15,vertical_permeability,7.5082036240569195e-16,1.8284227526785436e-18,9.50917376292658e-21,7.508203624056929e-16,2.339121287417642e-09,0.0,7.508203624056929e-16
45,46,Al-Tabbaa_Wood_1987,kaolinite,0.6771997868901,4.11230192105411e-16,1,1,0,0,15,vertical_permeability,8.94011996663646e-16,2.1736402822700684e-18,1.1001099680110016e-20,8.940119966636447e-16,2.7859311177887276e-09,0.0,8.940119966636447e-16
46,47,Al-Tabbaa_Wood_1987,kaolinite,0.68742050632371,6.14760553045096e-16,1,1,0,0,15,vertical_permeability,1.0598950596566108e-15,2.5729318672798933e-18,1.268099295671611e-20,1.0598950596566095e-15,3.304334105188396e-09,0.0,1.0598950596566095e-15
47,48,Al-Tabbaa_Wood_1987,kaolinite,0.6878498010817901,6.668221118523759e-16,1,1,0,0,15,vertical_permeability,1.0675689600542935e-15,2.5913888196264755e-18,1.2757604545155554e-20,1.0675689600542933e-15,3.32833512297858e-09,0.0,1.0675689600542933e-15
48,49,Al-Tabbaa_Wood_1987,kaolinite,0.68893001595719,6.570917168701691e-16,1,1,0,0,15,vertical_permeability,1.0871512648752538e-15,2.6384818793726996e-18,1.2952692489631925e-20,1.0871512648752538e-15,3.389588481094361e-09,0.0,1.0871512648752538e-15
49,50,Mesri_Olsen_1971,kaolinite,0.4484538490074784,2.131846891298904e-17,1,1,0,0,15,,2.920731658613293e-17,7.327953353052131e-20,6.322127985108007e-22,2.92073165861329e-17,9.504780969471413e-11,0.0,2.92073165861329e-17
50,51,Mesri_Olsen_1971,kaolinite,0.4881806577676343,1.5417945856067364e-17,1,1,0,0,15,,5.196763110952107e-17,1.2969571669147714e-19,1.022811608830512e-21,5.1967631109520936e-17,1.6661621915022687e-10,0.0,5.1967631109520936e-17
51,52,Mesri_Olsen_1971,kaolinite,0.4972339752820131,4.0758200300163546e-17,1,1,0,0,15,,5.922627289793146e-17,1.476337361197921e-19,1.140785140308182e-21,5.922627289793164e-17,1.8932707143555226e-10,0.0,5.922627289793164e-17
52,53,Mesri_Olsen_1971,kaolinite,0.5220338569922953,8.092681137865324e-17,1,1,0,0,15,,8.474402797569586e-17,2.105480676918574e-19,1.5385568930595178e-21,8.474402797569596e-17,2.6893162562837656e-10,0.0,8.474402797569596e-17
53,54,Mesri_Olsen_1971,kaolinite,0.5350644381468745,3.179233213864793e-17,1,1,0,0,15,,1.023500185699091e-16,2.5384999189515394e-19,1.8011904022877e-21,1.0235001856990924e-16,3.2371841639760676e-10,0.0,1.0235001856990924e-16
54,55,Mesri_Olsen_1971,kaolinite,0.5469224113518538,1.3813257081703026e-16,1,1,0,0,15,,1.2160428409585946e-16,3.0112758955575285e-19,2.0799974688166536e-21,1.2160428409585934e-16,3.8355852140032867e-10,0.0,1.2160428409585934e-16
55,56,Mesri_Olsen_1971,kaolinite,0.5618230858630121,5.727709304368561e-17,1,1,0,0,15,,1.5118457809979995e-16,3.736291028639842e-19,2.4946638774773136e-21,1.5118457809980017e-16,4.753970553985376e-10,0.0,1.5118457809980017e-16
56,57,Mesri_Olsen_1971,kaolinite,0.5658389291669438,2.2702899116937565e-16,1,1,0,0,15,,1.6036357930268118e-16,3.960990861358696e-19,2.6205027730077437e-21,1.6036357930268123e-16,5.038806522014559e-10,0.0,1.6036357930268123e-16
57,58,Mesri_Olsen_1971,kaolinite,0.5856692517412057,1.1129519935721442e-16,1,1,0,0,15,,2.1497584407725237e-16,5.295643379221619e-19,3.3470098372019443e-21,2.149758440772524e-16,6.732841927676786e-10,0.0,2.149758440772524e-16
58,59,Mesri_Olsen_1971,kaolinite,0.58647299051048,2.97410226641388e-16,1,1,0,0,15,,2.1756214144517391e-16,5.358764753823178e-19,3.380596211467361e-21,2.1756214144517409e-16,6.81305479835403e-10,0.0,2.1756214144517409e-16
59,60,Mesri_Olsen_1971,kaolinite,0.6077768834428912,3.516139821076271e-16,1,1,0,0,15,,2.995232334556822e-16,7.355914108669269e-19,4.4148922945732045e-21,2.995232334556822e-16,9.355340125166272e-10,0.0,2.995232334556822e-16
60,61,Mesri_Olsen_1971,kaolinite,0.6092149038411282,2.787468697434978e-16,1,1,0,0,15,,3.0612092804002544e-16,7.516440909443111e-19,4.495940795024301e-21,3.0612092804002485e-16,9.560042115333176e-10,0.0,3.0612092804002485e-16
61,62,Mesri_Olsen_1971,kaolinite,0.6311879528497204,5.300581252583777e-16,1,1,0,0,15,,4.287014687569733e-16,1.0493753640532407e-18,5.955773250309202e-21,4.2870146875697375e-16,1.3365630185771158e-09,0.0,4.2870146875697375e-16
62,63,Mesri_Olsen_1971,kaolinite,0.6346643050324716,3.459630060168745e-16,1,1,0,0,15,,4.524920960930492e-16,1.1070607664167266e-18,6.230489197638853e-21,4.524920960930497e-16,1.410481146471288e-09,0.0,4.524920960930497e-16
63,64,Mesri_Olsen_1971,kaolinite,0.6374602212838546,7.4087335112538e-16,1,1,0,0,15,,4.726553980171305e-16,1.1559290807972608e-18,6.461454338669273e-21,4.7265539801713e-16,1.4731449656092984e-09,0.0,4.7265539801713e-16
64,65,Mesri_Olsen_1971,kaolinite,0.647063856519198,6.543312581291053e-16,1,1,0,0,15,,5.496300675543763e-16,1.342317438697653e-18,7.328909768884316e-21,5.496300675543771e-16,1.7125036628372127e-09,0.0,5.496300675543771e-16
65,66,Mesri_Olsen_1971,kaolinite,0.6602812959617022,1.0079453678205118e-15,1,1,0,0,15,,6.785827337792002e-16,1.6540433278460297e-18,8.739002863080166e-21,6.78582733779199e-16,2.1139706202198375e-09,0.0,6.78582733779199e-16
66,67,Mesri_Olsen_1971,kaolinite,0.6642936947704057,1.320418413267711e-15,1,1,0,0,15,,7.239773547216933e-16,1.763643379789006e-18,9.224477041329784e-21,7.239773547216938e-16,2.255436106277953e-09,0.0,7.239773547216938e-16
67,68,Mesri_Olsen_1971,kaolinite,0.6943747217982839,2.187837359029016e-15,1,1,0,0,15,,1.1920956047956239e-15,2.890730839934439e-18,1.3988612183319465e-20,1.1920956047956249e-15,3.7180309401538493e-09,0.0,1.1920956047956249e-15
68,69,Olsen1966,kaolinite,0.225,2.93577981651376e-19,1,1,0,0,15,,7.097607424251847e-19,1.842596238757345e-21,2.8377843899198944e-23,7.097607424251873e-19,2.6342824447178336e-12,0.0,7.097607424251873e-19
69,70,Olsen1966,kaolinite,0.365,5.59633027522936e-18,1,1,0,0,15,,8.352880545605026e-18,2.1199249052813602e-20,2.223066764593604e-22,8.352880545605013e-18,2.8324167835106913e-11,0.0,8.352880545605013e-18
70,71,Olsen1966,kaolinite,0.465,4.09785932721713e-17,1,1,0,0,15,,3.71565514682427e-17,9.301784260785458e-20,7.729463186333086e-22,3.715655146824262e-17,1.2012409840611975e-10,0.0,3.715655146824262e-17
71,72,Olsen1966,kaolinite,0.5479999999999999,1.37614678899083e-16,1,1,0,0,15,,1.235285138425097e-16,3.058484376207245e-19,2.107441855483181e-21,1.2352851384250977e-16,3.8953561273832927e-10,0.0,1.2352851384250977e-16
72,73,Olsen1966,kaolinite,0.575,2.0081549439347599e-16,1,1,0,0,15,,1.8353273695805108e-16,4.527655353607607e-19,2.933037839596283e-21,1.835327369580509e-16,5.757592321750737e-10,0.0,1.835327369580509e-16
73,74,Olsen1966,kaolinite,0.588,2.3547400611620803e-16,1,1,0,0,15,,2.2256604198014274e-16,5.480870846295861e-19,3.445392106982124e-21,2.225660419801428e-16,6.968248150940129e-10,0.0,2.225660419801428e-16
74,75,Vasseur1995,kaolinite,0.22480620155039002,1.00611620795107e-18,1,1,0,0,15,,7.06918309858835e-19,1.8352846931448513e-21,2.828292599412393e-23,7.069183098588327e-19,2.624047418202264e-12,0.0,7.069183098588327e-19
75,76,Vasseur1995,kaolinite,0.27536231884058004,1.78389398572885e-18,1,1,0,0,15,,1.8753218793435373e-18,4.825235632393243e-21,6.386854444463332e-23,1.8753218793435316e-18,6.7315950314864374e-12,0.0,1.8753218793435316e-18
76,77,Vasseur1995,kaolinite,0.31034482758621,3.6289500509684e-18,1,1,0,0,15,,3.452387563648123e-18,8.833401525875588e-21,1.0631102597081538e-22,3.4523875636481283e-18,1.2106222879385496e-11,0.0,3.4523875636481283e-18
77,78,Vasseur1995,kaolinite,0.375,8.78695208970438e-18,1,1,0,0,15,,9.751903505979623e-18,2.4714732812239443e-20,2.529902212537897e-22,9.751903505979586e-18,3.288312737610324e-11,0.0,9.751903505979586e-18
78,79,Vasseur1995,kaolinite,0.46524064171123,3.17023445463812e-17,1,1,0,0,15,,3.728650667108471e-17,9.334017977631512e-20,7.752027866590629e-22,3.7286506671084754e-17,1.2053318017592505e-10,0.0,3.7286506671084754e-17
79,80,Mesri_Olsen_1971,illite,0.4338047140558777,6.736929370555668e-20,1,0,1,0,15,,2.3568795971879986e-17,5.924940648288136e-20,5.285506135131563e-22,5.924940648288152e-20,7.718074953692832e-11,0.0,5.924940648288152e-20
80,81,Mesri_Olsen_1971,illite,0.4441393245397264,9.992700685797494e-20,1,0,1,0,15,,2.7423442864918334e-17,6.884372962400085e-20,5.998072179817457e-22,6.884372962400102e-20,8.940362010770885e-11,0.0,6.884372962400102e-20
81,82,Mesri_Olsen_1971,illite,0.4568850365409578,1.1561419284342035e-19,1,0,1,0,15,,3.3024620871892224e-17,8.276351440044285e-20,7.004921558899951e-22,8.276351440044257e-20,1.0710363454191519e-10,0.0,8.276351440044257e-20
82,83,Mesri_Olsen_1971,illite,0.4697197073282221,1.9733986065105398e-19,1,0,1,0,15,,3.978842039745547e-17,9.954388518893744e-20,8.183976049433436e-22,9.954388518893726e-20,1.28404238653735e-10,0.0,9.954388518893726e-20
83,84,Mesri_Olsen_1971,illite,0.5007662541485153,1.2469471114950302e-19,1,0,1,0,15,,6.232515363756251e-17,1.5528558379743043e-19,1.1904099350906457e-21,1.552855837974303e-19,1.9901179539608443e-10,0.0,1.552855837974303e-19
84,85,Mesri_Olsen_1971,illite,0.5294195780542604,2.1399182904309066e-19,1,0,1,0,15,,9.430707135126197e-17,2.3407764256628854e-19,1.6822222509085357e-21,2.3407764256628854e-19,2.987002192614208e-10,0.0,2.3407764256628854e-19
85,86,Mesri_Olsen_1971,illite,0.5390854655501495,4.180595471370373e-19,1,0,1,0,15,,1.0850278358158255e-16,2.6896592017513246e-19,1.8911562261290498e-21,2.6896592017513304e-19,3.428476050426066e-10,0.0,2.6896592017513304e-19
86,87,Mesri_Olsen_1971,illite,0.5697818314415602,2.7286278755010196e-19,1,0,1,0,15,,1.6993885514571542e-16,4.1952655860406376e-19,2.750513640569196e-21,4.1952655860406496e-19,5.335890480586542e-10,0.0,4.1952655860406496e-19
87,88,Mesri_Olsen_1971,illite,0.5916222313109734,3.8345135839091317e-19,1,0,1,0,15,,2.349249130124047e-16,5.782347398095513e-19,3.60441225701186e-21,5.782347398095506e-19,7.351553420217798e-10,0.0,5.782347398095506e-19
88,89,Mesri_Olsen_1971,illite,0.5996746864852059,8.345667290022481e-19,1,0,1,0,15,,2.6505768350690974e-16,6.516796132933195e-19,3.986519702623229e-21,6.516796132933194e-19,8.286160971654181e-10,0.0,6.516796132933194e-19
89,90,Mesri_Olsen_1971,illite,0.6172831163150333,4.0472981299128936e-19,1,0,1,0,15,,3.4611553042087835e-16,8.488882551020179e-19,4.98133156877733e-21,8.488882551020158e-19,1.080117872729257e-09,0.0,8.488882551020158e-19
90,91,Mesri_Olsen_1971,illite,0.6346643050324715,7.135785905420585e-19,1,0,1,0,15,,4.524920960930486e-16,1.107060766416725e-18,6.230489197638846e-21,1.1070607664167235e-18,1.4104811464712854e-09,0.0,1.1070607664167235e-18
91,92,Mesri_Olsen_1971,illite,0.647063856519198,2.266611082839515e-18,1,0,1,0,15,,5.496300675543763e-16,1.342317438697653e-18,7.328909768884316e-21,1.3423174386976563e-18,1.7125036628372127e-09,0.0,1.3423174386976563e-18
92,93,Mesri_Olsen_1971,illite,0.6581018804648419,7.213280065483883e-19,1,0,1,0,15,,6.552325182465604e-16,1.5976409751557091e-18,8.487208945139554e-21,1.597640975155706e-18,2.0412309472658267e-09,0.0,1.597640975155706e-18
93,94,Mesri_Olsen_1971,illite,0.6653477106810451,9.552088914118088e-19,1,0,1,0,15,,7.364441198844323e-16,1.793731720752123e-18,9.356912337296446e-21,1.7937317207521155e-18,2.294299204328896e-09,0.0,1.7937317207521155e-18
94,95,Mesri_Olsen_1971,illite,0.6813548934781285,1.5363905057603594e-18,1,0,1,0,15,,9.577265362003177e-16,2.327079660121484e-18,1.1651954889254105e-20,2.3270796601214883e-18,2.9849501149554384e-09,0.0,2.3270796601214883e-18
95,96,Mesri_Olsen_1971,illite,0.6890246406577698,4.4761944673617426e-18,1,0,1,0,15,,1.0888854444685709e-15,2.6426519926453436e-18,1.2969941087659957e-20,2.6426519926453355e-18,3.395013497631715e-09,0.0,2.6426519926453355e-18
96,97,Mesri_Olsen_1971,illite,0.7008088998380327,1.6841275155125543e-18,1,0,1,0,15,,1.3308343503505096e-15,3.2238990650746313e-18,1.5335387947091225e-20,3.2238990650746375e-18,4.1526748925628876e-09,0.0,3.2238990650746375e-18
97,98,Mesri_Olsen_1971,illite,0.7081811222887476,2.2062237228015726e-18,1,0,1,0,15,,1.5123023647179066e-15,3.659200402049699e-18,1.706260149344717e-20,3.659200402049713e-18,4.721874430499459e-09,0.0,3.659200402049713e-18
98,99,Mesri_Olsen_1971,illite,0.7146268841540029,3.567781917618573e-18,1,0,1,0,15,,1.6937750684316323e-15,4.094032333970878e-18,1.8755894265355942e-20,4.094032333970887e-18,5.291806723283391e-09,0.0,4.094032333970887e-18
99,100,Mesri_Olsen_1971,illite,0.7227909594254125,1.1627184972344713e-17,1,0,1,0,15,,1.9595815855366663e-15,4.730177492531634e-18,2.118335790853362e-20,4.730177492531646e-18,6.127764429075337e-09,0.0,4.730177492531646e-18
100,101,Mesri_Olsen_1971,illite,0.7333661074368479,3.5822625985785004e-18,1,0,1,0,15,,2.3763202790620423e-15,5.725981521424528e-18,2.4883569117908697e-20,5.7259815214245485e-18,7.440846676677114e-09,0.0,5.7259815214245485e-18
101,102,Mesri_Olsen_1971,illite,0.7480214428709042,4.7952799185508695e-18,1,0,1,0,15,,3.129988237853743e-15,7.522962003233571e-18,3.1318507112943343e-20,7.522962003233594e-18,9.821770805923343e-09,0.0,7.522962003233594e-18
102,103,Mesri_Olsen_1971,illite,0.7496490120470694,7.228885121349331e-18,1,0,1,0,15,,3.2292973429610998e-15,7.759426221752652e-18,3.214600941114919e-20,7.75942622175263e-18,1.0136008025327115e-08,0.0,7.75942622175263e-18
103,104,Mesri_Olsen_1971,illite,0.7567896217214442,2.476528907522951e-17,1,0,1,0,15,,3.7096321434122296e-15,8.902240160178457e-18,3.609179821274393e-20,8.90224016017847e-18,1.1657330351954467e-08,0.0,8.90224016017847e-18
104,105,Mesri_Olsen_1971,illite,0.7653561552725354,7.548058470574683e-18,1,0,1,0,15,,4.397305655943683e-15,1.0536024957260697e-17,4.159800346357604e-20,1.0536024957260735e-17,1.383895856270399e-08,0.0,1.0536024957260735e-17
105,106,Mesri_Olsen_1971,illite,0.7804593233126809,1.6673859743918565e-17,1,0,1,0,15,,5.999484218071726e-15,1.433391486376636e-17,5.3917091553888667e-20,1.4333914863766348e-17,1.8934627658588026e-08,0.0,1.4333914863766348e-17
106,107,Mesri_Olsen_1971,illite,0.7812478189724351,1.20588710095763e-17,1,0,1,0,15,,6.100102433166689e-15,1.4572084872157297e-17,5.467103408361668e-20,1.457208487215724e-17,1.925512449531853e-08,0.0,1.457208487215724e-17
107,108,Mesri_Olsen_1971,illite,0.7822533149328634,5.650895022125936e-17,1,0,1,0,15,,6.231254308287442e-15,1.4882476010715055e-17,5.565069654501113e-20,1.488247601071505e-17,1.9672953212957743e-08,0.0,1.488247601071505e-17
108,109,Mesri_Olsen_1971,illite,0.7904923443106809,3.4012693974442427e-17,1,0,1,0,15,,7.438156588641244e-15,1.773612914014889e-17,6.451604801070943e-20,1.7736129140148858e-17,2.3521468907023844e-08,0.0,1.7736129140148858e-17
109,110,Mesri_Olsen_1971,illite,0.7905952454805468,1.4489498796110827e-17,1,0,1,0,15,,7.454859956586665e-15,1.7775591760351672e-17,6.463698881486442e-20,1.7775591760351737e-17,2.3574772143998074e-08,0.0,1.7775591760351737e-17
110,111,Mesri_Olsen_1971,illite,0.8131690307188925,3.2750851102721287e-17,1,0,1,0,15,,1.2456024772696034e-14,2.9560819075306085e-17,9.922451574686072e-20,2.956081907530613e-17,3.9567370328410845e-08,0.0,2.956081907530613e-17
111,112,Mesri_Olsen_1971,illite,0.8159912404549613,2.4865804818136162e-17,1,0,1,0,15,,1.3325113309364002e-14,3.160376947986522e-17,1.0497239651891459e-19,3.1603769479865244e-17,4.2351108413113474e-08,0.0,3.1603769479865244e-17
112,113,Mesri_Olsen_1971,smectite,0.5613722905070895,4.2822786082067024e-21,1,0,0,1,15,,1.5018870296860465e-16,3.711904831623478e-19,2.4809363318533287e-21,2.4809363318533377e-21,4.723064038187758e-10,0.0,2.4809363318533377e-21
113,114,Mesri_Olsen_1971,smectite,0.5645085186311151,2.764967952923385e-21,1,0,0,1,15,,1.5726039144447314e-16,3.885039103226504e-19,2.5780963045950727e-21,2.578096304595066e-21,4.942516403121953e-10,0.0,2.578096304595066e-21
114,115,Mesri_Olsen_1971,smectite,0.5860715112870772,3.823134670473095e-21,1,0,0,1,15,,2.1626619771976302e-16,5.327136717137384e-19,3.363775015060091e-21,3.3637750150600948e-21,6.772861703931823e-10,0.0,3.3637750150600948e-21
115,116,Mesri_Olsen_1971,smectite,0.5892616854860763,4.719475845612697e-21,1,0,0,1,15,,2.267915243705308e-16,5.583962179403671e-19,3.499921007755686e-21,3.49992100775568e-21,7.099299258263646e-10,0.0,3.49992100775568e-21
116,117,Mesri_Olsen_1971,smectite,0.6634988153974558,9.627170320605855e-21,1,0,0,1,15,,7.147279438455272e-16,1.7413170018902967e-18,9.125976719918856e-21,9.125976719918862e-21,2.226605988827538e-09,0.0,9.125976719918862e-21
117,118,Mesri_Olsen_1971,smectite,0.6808778828776478,8.099214946787044e-21,1,0,0,1,15,,9.501643698202634e-16,2.3088732397232333e-18,1.1575088918418394e-20,1.1575088918418438e-20,2.9613225028124387e-09,0.0,1.1575088918418438e-20
118,119,Mesri_Olsen_1971,smectite,0.6959006590230098,1.3027053098264455e-20,1,0,0,1,15,,1.2234848039270918e-15,2.9661388648278713e-18,1.429548274326434e-20,1.4295482743264384e-20,3.816325436007571e-09,0.0,1.4295482743264384e-20
119,120,Mesri_Olsen_1971,smectite,0.7081811222887477,1.4910200126516712e-20,1,0,0,1,15,,1.5123023647179096e-15,3.659200402049706e-18,1.70626014934472e-20,1.7062601493447195e-20,4.72187443049947e-09,0.0,1.7062601493447195e-20
120,121,Mesri_Olsen_1971,smectite,0.7516903029594639,2.5415623329198183e-20,1,0,0,1,15,,3.35896083851738e-15,8.06806684872578e-18,3.32201568938499e-20,3.3220156893849847e-20,1.0546452062167787e-08,0.0,3.3220156893849847e-20
121,122,Mesri_Olsen_1971,smectite,0.7785205310844475,3.3294718245607873e-20,1,0,0,1,15,,5.760126236705173e-15,1.3767189970379135e-17,5.211507987840928e-20,5.211507987840931e-20,1.817241112875318e-08,0.0,5.211507987840931e-20
122,123,Mesri_Olsen_1971,smectite,0.795516488252718,5.212560930744961e-20,1,0,0,1,15,,8.307057224468661e-15,1.9787915219334917e-17,7.075041155179551e-20,7.075041155179534e-20,2.6295532810950186e-08,0.0,7.075041155179534e-20
123,124,Mesri_Olsen_1971,smectite,0.8025251590962862,4.5296887757635476e-20,1,0,0,1,15,,9.724547194443622e-15,2.313096800627036e-17,8.069679317471506e-20,8.069679317471514e-20,3.0825755336642126e-08,0.0,8.069679317471514e-20
124,125,Mesri_Olsen_1971,smectite,0.8107642026286955,9.079258967519961e-20,1,0,0,1,15,,1.1767597151111209e-14,2.7941619329598857e-17,9.462444090039334e-20,9.462444090039342e-20,3.736300336022121e-08,0.0,9.462444090039342e-20
125,126,Mesri_Olsen_1971,smectite,0.8422100227545302,1.6624380089584614e-19,1,0,0,1,15,,2.601454421555438e-14,6.132191388904428e-17,1.8350938648060165e-19,1.8350938648060206e-19,8.304112006785114e-08,0.0,1.8350938648060206e-19
126,127,Mesri_Olsen_1971,smectite,0.8445118387803014,2.7919822358017344e-19,1,0,0,1,15,,2.7703270573747163e-14,6.526489627520236e-17,1.9340338740961294e-19,1.9340338740961234e-19,8.845641393711732e-08,0.0,1.9340338740961234e-19
127,128,Mesri_Olsen_1971,smectite,0.8525255599732293,1.8124804253791426e-19,1,0,0,1,15,,3.469645769804846e-14,8.157102701176277e-17,2.333894864365527e-19,2.33389486436553e-19,1.1087074896645948e-07,0.0,2.33389486436553e-19
128,129,Mesri_Olsen_1971,smectite,0.8595226802183391,2.270897844488101e-19,1,0,0,1,15,,4.258903616548232e-14,9.993809632256086e-17,2.7694917811896473e-19,2.7694917811896536e-19,1.3613844353079853e-07,0.0,2.7694917811896536e-19
129,130,Mesri_Olsen_1971,smectite,0.8899460702388962,1.264922501204685e-18,1,0,0,1,15,,1.1652978015500561e-13,2.7092888611465755e-16,6.417677604653331e-19,6.417677604653339e-19,3.7076374339150444e-07,0.0,6.417677604653339e-19
130,131,Mesri_Olsen_1971,smectite,0.890931457594658,5.687627762151849e-19,1,0,0,1,15,,1.2085668018744862e-13,2.808947491405853e-16,6.616035940761619e-19,6.616035940761618e-19,3.8437354279954005e-07,0.0,6.616035940761618e-19
131,132,Mesri_Olsen_1971,smectite,0.8916521122281263,7.059124285448509e-19,1,0,0,1,15,,1.2414527375015862e-13,2.88466951314565e-16,6.766010602001233e-19,6.7660106020012455e-19,3.947089271760465e-07,0.0,6.7660106020012455e-19
132,133,Mesri_Olsen_1971,smectite,0.9016949449696484,7.77982228725276e-19,1,0,0,1,15,,1.836414376162034e-13,4.251819623479465e-16,9.382174690760303e-19,9.382174690760278e-19,5.804806841905561e-07,0.0,9.382174690760278e-19
133,134,Mesri_Olsen_1971,smectite,0.9201144500494416,1.8940411627125824e-18,1,0,0,1,15,,4.1774985574590494e-13,9.599356310767198e-16,1.8634849221149437e-18,1.863484922114938e-18,1.2930748234587655e-06,0.0,1.863484922114938e-18
134,135,Mesri_Olsen_1971,smectite,0.9201443752874591,3.884541739582775e-18,1,0,0,1,15,,4.183643074205876e-13,9.613345850417628e-16,1.8657731085564047e-18,1.86577310855641e-18,1.2949127402753263e-06,0.0,1.86577310855641e-18
135,136,Mesri_Olsen_1971,smectite,0.9256972416354972,2.809378781420359e-18,1,0,0,1,15,,5.545830579936685e-13,1.271048885472442e-15,2.360823330656819e-18,2.3608233306568113e-18,1.6988683693755904e-06,0.0,2.3608233306568113e-18
136,137,Mesri_Olsen_1971,smectite,0.9314991521906052,2.618899951015199e-18,1,0,0,1,15,,7.606936914063658e-13,1.7383810093613304e-15,3.07362659229758e-18,3.073626592297581e-18,2.2984493910111186e-06,0.0,3.073626592297581e-18
137,138,Mesri_Olsen_1971,smectite,0.9389359295446555,5.975754472997404e-18,1,0,0,1,15,,1.1852979746944548e-12,2.6976997482116425e-15,4.451149841133949e-18,4.4511498411339674e-18,3.498547035252901e-06,0.0,4.4511498411339674e-18
138,139,Mesri_Olsen_1971,smectite,0.940628136152412,7.376781443886034e-18,1,0,0,1,15,,1.3203976731338496e-12,3.0022045488755396e-15,4.870921238297363e-18,4.870921238297366e-18,3.87218828174735e-06,0.0,4.870921238297366e-18
139,140,Mesri_Olsen_1971,smectite,0.9475713953206978,8.62752392208383e-18,1,0,0,1,15,,2.124186776558242e-12,4.8087450668120324e-15,7.244573028723364e-18,7.244573028723387e-18,6.031373441922274e-06,0.0,7.244573028723387e-18
140,141,Mesri_Olsen_1971,smectite,0.9485085240084256,6.4103853272091934e-18,1,0,0,1,15,,2.2751788398510046e-12,5.147314291651274e-15,7.672070593659262e-18,7.672070593659265e-18,6.4266062248980685e-06,0.0,7.672070593659265e-18
141,142,Mesri_Olsen_1971,smectite,0.9533636553882858,1.2456028667588954e-17,1,0,0,1,15,,3.313354910049455e-12,7.470225695307894e-15,1.0500643300081086e-17,1.0500643300081057e-17,9.07390607937729e-06,0.0,1.0500643300081057e-17
142,143,Mesri_Olsen_1971,smectite,0.9603100426894982,1.9291429779513075e-17,1,0,0,1,15,,6.087986312955422e-12,1.3649377718848499e-14,1.7450485708420624e-17,1.7450485708420618e-17,1.5710410377106144e-05,0.0,1.7450485708420618e-17
143,144,Mesri_Olsen_1971,smectite,0.9609283791531928,1.4886096190802504e-17,1,0,0,1,15,,6.457981756792e-12,1.447107067086488e-14,1.833162194318132e-17,1.8331621943181258e-17,1.655881678754482e-05,0.0,1.8331621943181258e-17
144,145,Mesri_Olsen_1971,smectite,0.9670619917515952,3.2750851102721817e-17,1,0,0,1,15,,1.2239632217090536e-11,2.726603337083012e-14,3.126334610988811e-17,3.126334610988816e-17,2.9058446039522752e-05,0.0,3.126334610988816e-17
145,146,Mesri_Olsen_1971,smectite,0.9678760107233236,2.5823848273586423e-17,1,0,0,1,15,,1.343739796673486e-11,2.990861992107414e-14,3.379784058854623e-17,3.3797840588546235e-17,3.1508192203486664e-05,0.0,3.3797840588546235e-17
146,147,Mesri_Olsen_1971,smectite,0.9708379199156806,4.4316976029324186e-17,1,0,0,1,15,,1.9263926988892517e-11,4.273555019564872e-14,4.5655780673440017e-17,4.565578067343987e-17,4.293171400307164e-05,0.0,4.565578067343987e-17
147,148,Mesri_Olsen_1971,smectite,0.972760693383526,3.977958858496953e-17,1,0,0,1,15,,2.48181546595879e-11,5.492922203383241e-14,5.641024344667944e-17,5.641024344667943e-17,5.3218778836516165e-05,0.0,5.641024344667943e-17
