,well,sample_number,depth,strat_unit,strat_unit_Heederik1988,clay_percentage,0-2_micron,2-4_micron,4-8_micron,8-16_micron,16-25_micron,25-35_micron,35-50_micron,50-63_micron,63-75_micron,75-88_micron,88-105_micron,105-125_micron,125-150_micron,150-177_micron,177-210_micron,210-250_micron,250-300_micron,300-354_micron,354-420_micron,420-500_micron,500-600_micron,600-707_micron,707-850_micron,850-1000_micron,1000-1190_micron,1190-1410_micron,1410-1680_micron,1680-2000_micron,clay_fraction,phi_mean,phi_std,median_grain_size_mu,median_grain_size,kh_nitrogen_mDarcy,kv_nitrogen_mDarcy,helium_porosity,grain_density,porosity,kh,permeability_measured,depth_log,GR,RHOB,DRHO,NPHI,kaolinite_fraction,illite_fraction,smectite_fraction,mixed_layer_fraction,chlorite_fraction,note,specific_surface_granular_fraction,ln_grainsize_mean,ln_grainsize_std,log10_grainsize_mean,log10_grainsize_std,median_grainsize
0,AST-02,79,1517.25,NLLFR,Basaal Zand van Dongen,16.1,16.1,4.8,6.6,7.1,5.0,2.4,2.5,4.7,39.7,9.7,0.8,0.3,0.0,0.0,0.0,0.1,0.0,0.1,0.1,0.0,0.0,0.0,0.0,0.0,0.0,0.0,0.0,0.0,0.161,,,69.0,6.9e-05,9.14,,24.3,2.66,0.243,9.020478962e-15,9.020478962e-15,1517.3,48.271392999999996,2.246239,0.048097,26.179676,0.15,0.5,0.35,,,clay composition estimated,101.06846131904142,-10.271429635496354,1.1138896256367579,-4.460825211953594,1.1138896256367579,6.409571606072177e-05
1,AST-02,80,1517.75,NLLFR,Basaal Zand van Dongen,13.6,13.6,5.4,12.8,13.1,9.1,4.4,9.6,17.1,12.3,0.7,0.3,0.2,0.1,0.1,0.1,0.1,0.1,0.1,0.2,0.1,0.1,0.0,0.1,0.1,0.1,0.1,0.0,0.0,0.136,,,56.0,5.6000000000000006e-05,10.7,,28.4,2.65,0.284,1.056007931e-14,1.056007931e-14,1517.8,50.471313,2.214602,0.027415,25.983631,0.15,0.5,0.35,,,clay composition estimated,143.54909032939148,-10.703096867071457,1.1017948842367642,-4.648295908645117,1.1017948842367642,3.3956829390121054e-05
2,AST-02,81,1518.22,NLLFR,Basaal Zand van Dongen,56.7,56.7,0.0,1.6,1.6,1.0,0.0,3.8,11.6,20.7,1.8,0.2,0.1,0.0,0.1,0.1,0.1,0.1,0.2,0.1,0.1,0.1,0.0,0.0,0.0,0.0,0.0,0.0,0.0,0.5670000000000001,,,69.0,6.9e-05,28.3,,30.7,2.66,0.307,2.7929929389999996e-14,2.7929929389999996e-14,1518.2,49.193977000000004,2.228571,0.030695,25.376404,0.15,0.5,0.35,,,clay composition estimated,24.265495347605512,-9.856120628955308,0.5920112197004039,-4.2804588021280985,0.5920112197004039,6.30954877426682e-05
3,AST-02,82,1518.75,NLLFR,Basaal Zand van Dongen,16.2,16.2,6.4,8.1,6.8,5.0,2.0,3.0,9.5,38.0,3.9,0.3,0.1,0.0,0.1,0.1,0.1,0.1,0.2,0.0,0.0,0.1,0.0,0.0,0.0,0.0,0.0,0.0,0.0,0.162,,,69.0,6.9e-05,67.5,,28.8,2.66,0.28800000000000003,6.661732275e-14,6.661732275e-14,1518.8,51.049301,2.340439,0.059385,25.968479000000002,0.15,0.5,0.35,,,clay composition estimated,117.83943351940594,-10.345081504290524,1.112403470097349,-4.492811812152768,1.112403470097349,6.796307626484702e-05
4,AST-02,83,1519.25,NLLFR,Basaal Zand van Dongen,16.5,16.5,6.9,12.6,10.9,8.4,4.6,6.2,10.5,22.2,0.8,0.1,0.0,0.0,0.1,0.0,0.0,0.0,0.1,0.0,0.1,0.0,0.0,0.0,0.0,0.0,0.0,0.0,0.0,0.165,,,69.0,6.9e-05,2.42,,23.7,2.65,0.237,2.3883543859999998e-15,2.3883543859999998e-15,1519.3,49.683685,2.256829,0.032711000000000004,25.871574,0.15,0.5,0.35,,,clay composition estimated,148.00464902072852,-10.629948253331651,1.0345804386272368,-4.616527869339046,1.0345804386272368,3.448921213608273e-05
5,AST-02,84,1519.8,NLLFR,Basaal Zand van Dongen,15.9,15.9,5.2,12.2,12.2,9.6,6.3,11.0,17.4,8.9,0.5,0.2,0.1,0.0,0.1,0.0,0.1,0.1,0.1,0.1,0.0,0.0,0.0,0.0,0.0,0.0,0.0,0.0,0.0,0.159,,,56.0,5.6000000000000006e-05,5.4,,27.2,2.65,0.272,5.32938582e-15,5.32938582e-15,1519.8,46.468712,2.223472,0.031916,26.424896,0.15,0.5,0.35,,,clay composition estimated,139.6630409703096,-10.717331930623509,1.0229117732874144,-4.654478118195314,1.0229117732874144,3.171010206857757e-05
6,AST-02,85,1520.28,NLLFR,Basaal Zand van Dongen,12.7,12.7,4.0,8.7,8.8,7.5,5.9,12.7,22.2,15.8,1.2,0.2,0.0,0.0,0.1,0.0,0.0,0.0,0.1,0.1,0.0,0.0,0.0,0.0,0.0,0.0,0.0,0.0,0.0,0.127,,,56.0,5.6000000000000006e-05,16.4,,29.4,2.66,0.294,1.618554212e-14,1.618554212e-14,1520.3,49.367484999999995,2.212817,0.028683999999999998,26.405415,0.15,0.5,0.35,,,clay composition estimated,113.6125738160674,-10.435530182520747,0.9943202129800783,-4.532093174003595,0.9943202129800783,4.986966948028833e-05
7,AST-02,86,1520.75,NLLFR,Basaal Zand van Dongen,13.4,13.4,8.2,12.1,11.5,8.2,4.6,8.1,5.7,25.5,1.8,0.2,0.0,0.0,0.1,0.0,0.1,0.1,0.1,0.0,0.0,0.2,0.1,0.0,0.0,0.0,0.0,0.0,0.0,0.134,,,69.0,6.9e-05,11.7,,22.9,2.65,0.22899999999999998,1.154700261e-14,1.154700261e-14,1520.8,47.7257,2.2114849999999997,0.025125,26.70826,0.15,0.5,0.35,,,clay composition estimated,157.33802291890873,-10.635365657320367,1.1088136013419803,-4.618880617997586,1.1088136013419803,2.7582746300088942e-05
8,AST-02,87,1521.25,NLLFR,Basaal Zand van Dongen,13.4,13.4,9.0,13.0,10.1,6.3,3.4,6.2,10.4,26.5,1.1,0.1,0.1,0.0,0.1,0.1,0.1,0.1,0.0,0.0,0.0,0.0,0.0,0.0,0.0,0.0,0.0,0.0,0.0,0.134,,,69.0,6.9e-05,6.58,,24.1,2.65,0.24100000000000002,6.493955314e-15,6.493955314e-15,1521.3,50.463249,2.21371,0.032033,26.856334999999998,0.15,0.5,0.35,,,clay composition estimated,162.1205538803569,-10.6177613505201,1.1009800144547017,-4.6112351646965,1.1009800144547017,4.9576083935663996e-05
9,AST-02,88,1522.1,NLLFR,Basaal Zand van Dongen,15.0,15.0,5.1,8.8,6.0,4.0,2.6,14.1,34.5,9.1,0.3,0.1,0.0,0.0,0.1,0.0,0.1,0.1,0.1,0.0,0.0,0.0,0.0,0.0,0.0,0.0,0.0,0.0,0.0,0.15,,,56.0,5.6000000000000006e-05,27.3,,31.2,2.64,0.312,2.6943006089999994e-14,2.6943006089999994e-14,1522.1,46.484718,2.2324319999999997,0.038924,25.942062,0.15,0.5,0.35,,,clay composition estimated,113.8676970254241,-10.316399676817177,0.9084394862481042,-4.48035545275019,0.9084394862481042,6.0051593628823694e-05
10,AST-02,89,1522.57,NLLFR,Basaal Zand van Dongen,11.2,11.2,8.3,11.2,9.4,7.7,6.3,14.6,25.7,5.3,0.2,0.0,0.0,0.0,0.0,0.0,0.0,0.1,0.0,0.0,0.0,0.0,0.0,0.0,0.0,0.0,0.0,0.0,0.0,0.11199999999999999,,,56.0,5.6000000000000006e-05,47.8,,29.0,2.65,0.29,4.717493374e-14,4.717493374e-14,1522.6,48.675521999999994,2.2262619999999997,0.027509,26.582539,0.15,0.5,0.35,,,clay composition estimated,155.78042964821202,-10.700715729224296,1.0824452198544838,-4.647261793617443,1.0824452198544838,4.610971967513594e-05
11,AST-02,90,1523.5,NLLFR,Basaal Zand van Dongen,12.3,12.3,6.1,9.7,7.2,6.4,5.3,15.7,27.4,9.2,0.4,0.1,0.0,0.0,0.0,0.0,0.0,0.1,0.1,0.0,0.0,0.0,0.0,0.0,0.0,0.0,0.0,0.0,0.0,0.12300000000000001,,,56.0,5.6000000000000006e-05,86.0,,28.2,2.67,0.282,8.48754038e-14,8.48754038e-14,1523.5,48.834915,2.221435,0.024664,25.466225,0.15,0.5,0.35,,,clay composition estimated,129.80776597405708,-10.538125067290734,0.962893982273199,-4.576649566330699,0.962893982273199,4.80781972089988e-05
12,AST-02,91,1523.6,NLLFR,Basaal Zand van Dongen,16.8,16.8,6.3,9.5,7.8,7.2,2.7,12.5,17.0,19.5,0.5,0.1,0.0,0.0,0.0,0.0,0.0,0.1,0.0,0.0,0.0,0.0,0.0,0.0,0.0,0.0,0.0,0.0,0.0,0.168,,,69.0,6.9e-05,58.8,,27.4,2.66,0.27399999999999997,5.803109003999999e-14,5.803109003999999e-14,1523.6,48.24958,2.226671,0.026781,25.26738,0.15,0.5,0.35,,,clay composition estimated,128.14412873457752,-10.520281747358139,1.0489061596246987,-4.56890031094514,1.0489061596246987,3.5720826548626604e-05
13,AST-02,93,1524.57,NLLFR,Basaal Zand van Dongen,13.9,13.9,5.5,6.6,6.9,5.3,3.5,12.1,34.7,10.3,0.4,0.3,0.3,0.0,0.0,0.0,0.1,0.0,0.1,0.0,0.0,0.0,0.0,0.0,0.0,0.0,0.0,0.0,0.0,0.139,,,56.0,5.6000000000000006e-05,654.0,,30.9,2.66,0.309,6.454478382e-13,6.454478382e-13,1524.6,54.883965,2.237966,0.029627999999999998,25.840912,0.15,0.5,0.35,,,clay composition estimated,111.91795912034115,-10.376570419889108,0.9258786396100774,-4.506487274438348,0.9258786396100774,5.200238409435336e-05
14,AST-02,94,1525.0,NLLFR,Basaal Zand van Dongen,10.6,10.6,3.9,5.5,6.4,6.7,5.7,13.5,29.5,16.9,0.9,0.1,0.1,0.0,0.0,0.0,0.0,0.1,0.1,0.0,0.0,0.0,0.0,0.0,0.0,0.0,0.0,0.0,0.0,0.106,,,56.0,5.6000000000000006e-05,189.0,,28.3,2.65,0.28300000000000003,1.8652850370000002e-13,1.8652850370000002e-13,1525.0,54.872253,2.242712,0.031977,26.718643,0.15,0.5,0.35,,,clay composition estimated,98.83349396258072,-10.328385801518008,0.9054889057763984,-4.485560960567166,0.9054889057763984,5.062909357589141e-05
15,AST-02,95,1525.57,NLLFR,Basaal Zand van Dongen,17.1,17.1,6.3,8.0,8.7,6.6,3.9,6.9,14.8,26.0,1.4,0.2,0.1,0.0,0.0,0.0,0.0,0.0,0.0,0.0,0.0,0.0,0.0,0.0,0.0,0.0,0.0,0.0,0.0,0.171,,,69.0,6.9e-05,8.98,,24.3,2.66,0.243,8.862571234e-15,8.862571234e-15,1525.6,53.474464000000005,2.24443,0.035733999999999995,26.22953,0.15,0.5,0.35,,,clay composition estimated,122.97772096002315,-10.46340899738268,1.1072662245505402,-4.544200789460135,1.1072662245505402,6.206732339381657e-05
16,AST-02,96,1526.14,NLLFR,Basaal Zand van Dongen,21.2,21.2,7.9,9.7,10.4,7.3,5.1,10.1,13.7,13.3,0.6,0.1,0.1,0.0,0.1,0.1,0.1,0.1,0.1,0.0,0.0,0.0,0.0,0.0,0.0,0.0,0.0,0.0,0.0,0.212,,,56.0,5.6000000000000006e-05,22.7,,22.2,2.65,0.222,2.240315891e-14,2.240315891e-14,1526.1,50.198859999999996,2.286813,0.05193,25.656147,0.15,0.5,0.35,,,clay composition estimated,143.25607312366776,-10.669740854431137,1.0139466779016562,-4.6338095764171285,1.0139466779016562,2.622265237591034e-05
17,AST-02,97,1526.6,NLLFR,Basaal Zand van Dongen,21.4,21.4,7.2,8.7,9.9,8.8,6.8,10.2,10.8,15.0,0.9,0.1,0.1,0.0,0.1,0.0,0.0,0.0,0.0,0.0,0.0,0.0,0.0,0.0,0.0,0.0,0.0,0.0,0.0,0.214,,,69.0,6.9e-05,1.23,,20.9,2.64,0.209,1.213915659e-15,1.213915659e-15,1526.6,50.763870000000004,2.291779,0.05779,26.432484000000002,0.15,0.5,0.35,,,clay composition estimated,135.6914061827122,-10.64149940515002,1.0221161401522423,-4.621544470833391,1.0221161401522423,3.112193796472067e-05
18,AST-02,98,1527.1,NLLFR,Basaal Zand van Dongen,21.6,21.6,10.8,12.8,15.0,11.3,5.9,5.5,5.4,11.1,0.4,0.1,0.1,0.0,0.0,0.0,0.0,0.0,0.0,0.0,0.0,0.0,0.0,0.0,0.0,0.0,0.0,0.0,0.0,0.21600000000000003,,,12.0,1.2e-05,2.15,,20.2,2.62,0.20199999999999999,2.121885095e-15,2.121885095e-15,1527.1,52.340324,2.3088439999999997,0.08492000000000001,26.994675,0.15,0.5,0.35,,,clay composition estimated,183.93712921052602,-11.020325020349098,1.093860401790603,-4.786066345117955,1.093860401790603,2.451472943600169e-05
19,AST-02,99,1527.6,NLLFR,Basaal Zand van Dongen,25.6,25.6,8.2,10.7,12.0,9.4,4.4,6.1,15.0,8.1,0.2,0.0,0.1,0.0,0.1,0.0,0.1,0.0,0.0,0.0,0.0,0.0,0.0,0.0,0.0,0.0,0.0,0.0,0.0,0.256,,,56.0,5.6000000000000006e-05,1.97,,20.5,2.62,0.205,1.944238901e-15,1.944238901e-15,1527.6,54.607285,2.315,0.07649199999999999,26.38007,0.15,0.5,0.35,,,clay composition estimated,150.62597698475528,-10.732169392877264,0.961725161233898,-4.660921946177568,0.961725161233898,2.3541127618777952e-05
20,AST-02,100,1528.1,NLLFR,Basaal Zand van Dongen,15.5,15.5,0.4,2.3,6.0,9.7,10.1,20.4,27.3,6.3,0.4,0.2,0.2,0.2,0.2,0.0,0.1,0.2,0.1,0.0,0.1,0.2,0.0,0.1,0.0,0.0,0.0,0.0,0.0,0.155,,,56.0,5.6000000000000006e-05,8.75,,25.3,2.64,0.253,8.635578875e-15,8.635578875e-15,1528.1,49.199982,2.273882,0.048769,26.238464,0.15,0.5,0.35,,,clay composition estimated,65.53741202100115,-10.198347257552474,0.703359953104876,-4.4290859384882,0.703359953104876,3.508350874796426e-05
21,AST-02,101,1528.6,NLLFR,Basaal Zand van Dongen,22.1,22.1,6.4,8.4,9.3,6.3,4.1,10.5,23.3,7.6,0.9,0.2,0.1,0.1,0.2,0.0,0.1,0.2,0.1,0.0,0.0,0.1,0.0,0.0,0.0,0.0,0.0,0.0,0.0,0.221,,,56.0,5.6000000000000006e-05,1.6,,21.2,2.62,0.212,1.5790772800000001e-15,1.5790772800000001e-15,1528.6,48.623596,2.248754,0.040882,26.091915,0.15,0.5,0.35,,,clay composition estimated,125.42253853274597,-10.56047728135305,0.988479220806673,-4.586357009556284,0.988479220806673,4.484968529323384e-05
22,AST-02,102,1529.1,NLLFR,Basaal Zand van Dongen,25.9,25.9,7.8,9.5,12.0,8.1,3.4,6.0,11.5,14.0,0.8,0.1,0.1,0.1,0.0,0.0,0.1,0.1,0.1,0.1,0.2,0.1,0.0,0.0,0.0,0.0,0.0,0.0,0.0,0.259,,,12.0,1.2e-05,20.9,,20.4,2.63,0.204,2.062669697e-14,2.062669697e-14,1529.1,51.731499,2.262275,0.042602,26.509163,0.15,0.5,0.35,,,clay composition estimated,141.59619053425084,-10.881540580153294,1.199118780371518,-4.725793028566884,1.199118780371518,1.798927264336851e-05
23,AST-02,103,1529.6,NLLFR,Basaal Zand van Dongen,21.6,21.6,6.2,6.8,7.1,6.4,2.9,10.9,31.0,3.8,1.1,1.6,0.3,0.1,0.0,0.0,0.1,0.0,0.1,0.0,0.0,0.0,0.0,0.0,0.0,0.0,0.0,0.0,0.0,0.21600000000000003,,,56.0,5.6000000000000006e-05,22.0,,21.7,2.63,0.217,2.17123126e-14,2.17123126e-14,1529.6,54.663993999999995,2.25414,0.037297000000000004,26.346241,0.15,0.5,0.35,,,clay composition estimated,115.3561783798077,-10.432261551978812,1.0312806474497722,-4.5306736257958535,1.0312806474497722,4.7513277953965275e-05
24,AST-02,104,1531.08,NLLFR,Landen klei,18.9,18.9,5.8,7.9,10.6,10.0,5.8,15.6,23.4,1.6,0.1,0.0,0.1,0.1,0.0,0.0,0.1,0.0,0.0,0.0,0.0,0.0,0.0,0.0,0.0,0.0,0.0,0.0,0.0,0.18899999999999997,,,56.0,5.6000000000000006e-05,5.4,,24.2,2.65,0.242,5.32938582e-15,5.32938582e-15,1531.1,55.792708999999995,2.280487,0.049899,25.890304999999998,0.15,0.5,0.35,,,clay composition estimated,127.29366069046979,-10.59866791554266,0.9118901407935807,-4.602942991245216,0.9118901407935807,3.745299208441979e-05
25,AST-02,105,1531.6,NLLFR,Landen klei,23.5,23.5,7.0,8.9,8.7,6.3,2.9,9.7,27.1,4.9,0.3,0.3,0.2,0.1,0.0,0.0,0.1,0.0,0.0,0.0,0.0,0.0,0.0,0.0,0.0,0.0,0.0,0.0,0.0,0.235,,,56.0,5.6000000000000006e-05,8.01,,22.6,2.64,0.226,7.905255633e-15,7.905255633e-15,1531.6,51.673149,2.268053,0.032332,25.876011,0.15,0.5,0.35,,,clay composition estimated,129.8317853599347,-10.649630354360916,1.0973743380830634,-4.6250756972083185,1.0973743380830634,4.801107203683463e-05
26,AST-02,106,1532.07,NLLFR,Landen klei,37.6,37.6,9.7,14.3,14.7,10.8,7.8,4.7,0.0,0.3,0.0,0.1,0.0,0.0,0.0,0.0,0.0,0.0,0.0,0.0,0.0,0.0,0.0,0.0,0.0,0.0,0.0,0.0,0.0,0.376,,,12.0,1.2e-05,153.0,,22.4,2.64,0.22399999999999998,1.509992649e-13,1.509992649e-13,1532.1,53.986664000000005,2.2850919999999997,0.024812999999999998,26.508640000000003,0.15,0.5,0.35,,,clay composition estimated,175.3464513004636,-11.46395853796215,0.8506678324157179,-4.978733933804633,0.8506678324157179,8.026495201109072e-06
27,AST-02,108,1533.1,NLLFR,Landen klei,24.0,24.0,10.4,12.2,15.0,12.5,10.5,7.6,1.8,1.4,1.8,1.5,0.7,0.2,0.2,0.0,0.1,0.0,0.1,0.0,0.0,0.0,0.0,0.0,0.0,0.0,0.0,0.0,0.0,0.24,,,12.0,1.2e-05,14.2,,21.5,2.62,0.215,1.4014310859999997e-14,1.4014310859999997e-14,1533.1,57.627106000000005,2.2985349999999998,0.045133,27.523173999999997,0.15,0.5,0.35,,,clay composition estimated,180.85727902005118,-10.943651167535183,0.9473025782580724,-4.752767313934609,0.9473025782580724,2.2858616517399212e-05
28,AST-02,109,1533.6,NLLFR,Landen klei,17.2,17.2,7.2,8.6,8.6,5.8,2.7,0.6,0.1,1.9,1.1,1.0,1.4,1.1,2.0,1.8,1.8,2.5,4.9,4.0,4.7,5.7,4.4,4.2,3.1,1.8,1.2,0.3,0.3,0.172,,,12.0,1.2e-05,2.02,,18.0,2.61,0.18,1.993585066e-15,1.993585066e-15,1533.6,61.288925,2.3143380000000002,0.038801,27.621346000000003,0.15,0.5,0.35,,,clay composition estimated,115.7692301963938,-9.357503871561738,1.9554240981969877,-4.063912295807579,1.9554240981969877,0.00017514866290049963
29,AST-02,110,1534.04,NLLFR,Landen klei,31.5,31.5,8.6,12.0,15.8,14.3,11.2,5.8,0.0,0.5,0.0,0.0,0.0,0.1,0.0,0.0,0.0,0.0,0.0,0.0,0.1,0.0,0.1,0.0,0.0,0.0,0.0,0.0,0.0,0.315,,,12.0,1.2e-05,7.27,,20.1,2.61,0.201,7.174932391e-15,7.174932391e-15,1534.0,56.761925,2.292744,0.021578,26.643440000000002,0.15,0.5,0.35,,,clay composition estimated,167.525485891543,-11.29665709492216,0.8945137521588763,-4.906075840277913,0.8945137521588763,9.802405212825156e-06
30,AST-02,111,1534.6,NLLFR,Landen klei,34.2,34.2,8.2,10.8,14.9,14.3,7.2,6.5,2.5,0.8,0.1,0.0,0.0,0.1,0.1,0.0,0.0,0.1,0.1,0.0,0.0,0.0,0.0,0.0,0.0,0.0,0.0,0.1,0.0,0.342,,,12.0,1.2e-05,16.7,,19.1,2.6,0.191,1.648161911e-14,1.648161911e-14,1534.6,58.305389,2.2595520000000002,0.019443000000000002,27.349957,0.15,0.5,0.35,,,clay composition estimated,156.78439701865378,-11.154943860683327,0.8537054504696358,-4.844530564635326,0.8537054504696358,1.2322556278702635e-05
31,AST-02,112,1535.1,NLLFR,Landen klei,6.2,6.2,10.9,14.1,13.7,8.4,5.2,4.0,2.9,12.2,10.7,6.7,3.0,0.3,0.2,0.1,0.1,0.1,0.1,0.1,0.1,0.1,0.1,0.1,0.2,0.2,0.2,0.0,0.0,0.062,,,6.0,6e-06,,,,,,,,1535.1,54.573311,2.298526,0.030249,27.857712,0.15,0.5,0.35,,,clay composition estimated,187.101947212439,-10.743041445228755,1.3585555030101024,-4.665643618520785,1.3585555030101024,1.619467568710124e-05
32,AST-02,113,1229.1,NMVFV,Zand van Voort,6.7,6.7,8.5,11.4,11.0,7.7,5.4,5.9,7.4,11.7,11.4,7.6,3.8,0.4,0.2,0.1,0.1,0.1,0.1,0.1,0.1,0.0,0.0,0.0,0.2,0.1,0.0,0.0,0.0,0.067,,,69.0,6.9e-05,19.0,,30.0,2.63,0.3,1.87515427e-14,1.87515427e-14,1229.1,61.175339,,,,0.15,0.5,0.35,,,clay composition estimated,156.29854861529404,-10.52976909811108,1.2338021006401436,-4.5730206150250226,1.2338021006401436,3.722576102451917e-05
33,AST-02,114,1229.6,NMVFV,Zand van Voort,5.8,5.8,10.5,12.1,12.2,8.7,5.3,4.6,3.5,11.2,12.8,8.5,4.1,0.4,0.1,0.0,0.0,0.0,0.1,0.1,0.0,0.0,0.0,0.0,0.0,0.0,0.0,0.0,0.0,0.057999999999999996,,,81.0,8.1e-05,7.52,,30.4,2.61,0.304,7.421663216e-15,7.421663216e-15,1229.6,61.650780000000005,,,,0.15,0.5,0.35,,,clay composition estimated,175.5116941467307,-10.662334858838566,1.2575136345096802,-4.630593193398276,1.2575136345096802,2.8508811722971972e-05
34,AST-02,115,1230.1,NMVFV,Zand van Voort,5.7,5.7,8.6,10.9,10.4,7.8,5.5,6.3,6.3,11.1,12.5,8.9,4.7,0.5,0.2,0.1,0.1,0.1,0.1,0.1,0.1,0.0,0.0,0.0,0.0,0.0,0.0,0.0,0.0,0.057,,,81.0,8.1e-05,7.25,,31.2,2.61,0.312,7.155193925000001e-15,7.155193925000001e-15,1230.1,71.933914,,,,0.15,0.5,0.35,,,clay composition estimated,154.5930253504592,-10.434553635820025,1.2176258068431163,-4.53166906516015,1.2176258068431163,4.291870885600385e-05
35,AST-02,116,1230.6,NMVFV,Zand van Voort,5.1,5.1,8.9,11.4,11.1,8.5,5.7,6.1,6.1,12.7,12.5,7.9,3.3,0.3,0.1,0.0,0.0,0.0,0.1,0.1,0.1,0.0,0.0,0.0,0.0,0.0,0.0,0.0,0.0,0.051,,,81.0,8.1e-05,7.33,,31.7,2.62,0.317,7.234147789e-15,7.234147789e-15,1230.6,71.54316700000001,,,,0.15,0.5,0.35,,,clay composition estimated,160.7402944855636,-10.548492658009115,1.2213150125964192,-4.581152153770325,1.2213150125964192,4.164948428050301e-05
36,AST-02,117,1231.1,NMVFV,Zand van Voort,9.4,9.4,8.6,12.7,12.0,8.0,5.0,5.2,4.8,13.4,11.4,6.3,2.5,0.2,0.1,0.1,0.1,0.1,0.1,0.0,0.0,0.0,0.0,0.0,0.0,0.0,0.0,0.0,0.0,0.094,,,69.0,6.9e-05,26.4,,32.9,2.62,0.32899999999999996,2.605477512e-14,2.605477512e-14,1231.1,64.14825400000001,,,,0.15,0.5,0.35,,,clay composition estimated,162.39269640012054,-10.659745743513781,1.3106024592873196,-4.629468754899711,1.3106024592873196,3.3649630095145143e-05
37,AST-02,119,1232.1,NMVFV,Zand van Voort,9.5,9.5,8.2,12.1,11.5,8.0,5.4,5.8,5.1,13.5,10.9,6.3,3.0,0.3,0.1,0.1,0.1,0.1,0.0,0.0,0.0,0.0,0.0,0.0,0.0,0.0,0.0,0.0,0.0,0.095,,,69.0,6.9e-05,,,,,,,,1232.1,58.807922,,,,0.15,0.5,0.35,,,clay composition estimated,156.90992604599086,-10.50760471618839,1.118853819410114,-4.563394746261202,1.118853819410114,4.251928606035626e-05
38,AST-02,124,1234.7,NMVFV,Zand van Voort,6.6,6.6,9.7,13.6,12.3,7.9,4.8,4.7,3.3,10.6,10.6,9.2,5.9,0.5,0.1,0.0,0.1,0.0,0.1,0.0,0.0,0.0,0.0,0.0,0.0,0.0,0.0,0.0,0.0,0.066,,,6.0,6e-06,6.51,,29.3,2.6,0.293,6.424870683000001e-15,6.424870683000001e-15,1234.7,58.380897999999995,,,,0.15,0.5,0.35,,,clay composition estimated,173.7662359138029,-10.595343411867589,1.253574609559924,-4.601499177644069,1.253574609559924,2.5123337929968682e-05
39,AST-02,66,1510.9,NMRFS,Zand van Berg,0.9,0.9,1.9,2.4,1.9,0.8,0.5,0.5,0.3,4.9,10.7,24.3,30.6,9.8,8.1,1.2,0.3,0.3,0.3,0.0,0.1,0.1,0.0,0.1,0.0,0.0,0.0,0.0,0.0,0.009000000000000001,3.437,0.856,115.0,0.00011499999999999999,1150.0,,34.9,2.64,0.349,1.134961795e-12,1.134961795e-12,1510.9,53.684082,2.130843,0.021297,28.027896999999996,0.15,0.5,0.35,,,clay composition estimated,47.89791713480351,-9.283613855162418,0.7948624603417285,-4.031822269417613,0.7948624603417285,0.00012092422425730078
40,AST-02,38,1247.35,NMVFV,Zand van Voort,10.5,10.5,2.7,3.8,4.3,3.9,3.0,4.8,4.9,0.4,0.7,1.0,1.8,3.5,4.0,13.5,13.1,12.3,11.4,0.2,0.1,0.1,0.0,0.0,0.0,0.0,0.0,0.0,0.0,0.105,3.58,1.83,192.0,0.000192,101.0,,31.2,2.6,0.312,9.96792533e-14,9.96792533e-14,1247.3,66.13401800000001,,,,0.15,0.5,0.35,,,clay composition estimated,60.65948694950356,-9.181331238108037,1.3482490972132648,-3.9874014932362725,1.3482490972132648,0.00019488201926758355
41,AST-02,39,1502.8,NMRFS,Zand van Berg,,,,,,,,,,,,,,,,,,,,,,,,,,,,,,,,,,,638.0,,35.6,2.67,0.35600000000000004,6.296570654e-13,6.296570654e-13,1502.8,47.700554,2.136516,0.016,26.525459,0.0,0.3,0.65,0.05,0.0,clay composition data available,,,,,,
42,AST-02,40,1503.1,NMRFS,Zand van Berg,1.8,1.8,2.8,3.4,3.0,1.6,1.1,1.0,0.6,6.3,12.4,22.6,35.6,5.9,1.3,0.2,0.1,0.2,0.1,0.0,0.0,0.0,0.0,0.0,0.0,0.0,0.0,0.0,0.0,0.018000000000000002,3.68,0.97,115.0,0.00011499999999999999,1350.0,,36.8,2.66,0.368,1.332346455e-12,1.332346455e-12,1503.1,49.181877,2.168078,0.024031999999999998,26.394569,0.15,0.5,0.35,,,clay composition estimated,62.02504850556004,-9.516149620749212,0.8374608163972218,-4.132811269257107,0.8374608163972218,8.951545646680145e-05
43,AST-02,41,1503.4,NMRFS,Zand van Berg,,,,,,,,,,,,,,,,,,,,,,,,,,,,,,,,,,,998.0,,34.1,2.67,0.341,9.849494534e-13,9.849494534e-13,1503.4,49.59819,2.1951959999999997,0.028124,26.459991,0.15,0.5,0.35,,,clay composition estimated,,,,,,
44,AST-02,42,1503.7,NMRFS,Zand van Berg,,,,,,,,,,,,,,,,,,,,,,,,,,,,,,,,,,,622.0,,33.5,2.66,0.335,6.138662926e-13,6.138662926e-13,1503.7,48.003159000000004,2.196104,0.027951999999999998,26.528361999999998,0.15,0.5,0.35,,,clay composition estimated,,,,,,
45,AST-02,43,1504.0,NMRFS,Zand van Berg,,,,,,,,,,,,,,,,,,,,,,,,,,,,,,,,,,,884.0,,35.6,2.67,0.35600000000000004,8.724401972e-13,8.724401972e-13,1504.0,45.736359,2.170259,0.023518,26.599937,0.15,0.5,0.35,,,clay composition estimated,,,,,,
46,AST-02,44,1504.3,NMRFS,Zand van Berg,,,,,,,,,,,,,,,,,,,,,,,,,,,,,,,,,,,307.0,,30.1,2.63,0.301,3.029854531e-13,3.029854531e-13,1504.3,45.715019,2.142929,0.013747,26.649836999999998,0.15,0.5,0.35,,,clay composition estimated,,,,,,
47,AST-02,45,1504.6,NMRFS,Zand van Berg,,,,,,,,,,,,,,,,,,,,,,,,,,,,,,,,,,,960.0,,36.3,2.66,0.363,9.47446368e-13,9.47446368e-13,1504.6,45.912971,2.139174,0.012,27.199013,0.15,0.5,0.35,,,clay composition estimated,,,,,,
48,AST-02,46,1504.9,NMRFS,Zand van Berg,5.9,5.9,4.2,4.6,3.5,2.0,1.3,1.4,2.4,7.8,18.6,24.9,20.6,2.0,0.4,0.1,0.1,0.1,0.1,0.0,0.0,0.0,0.0,0.0,0.0,0.0,0.0,0.0,0.0,0.059000000000000004,4.02,1.11,96.0,9.6e-05,244.0,,31.4,2.69,0.314,2.408092852e-13,2.408092852e-13,1504.9,43.269073,2.132095,0.013266,27.225151,0.15,0.5,0.35,,,clay composition estimated,78.60420040384965,-9.684905298715647,1.010107779536731,-4.20610092898777,1.010107779536731,9.992667091295934e-05
49,AST-02,47,1502.2,NMRFS,Zand van Berg,2.1,2.1,1.9,2.9,2.3,1.6,1.2,1.5,2.8,7.3,21.1,29.7,22.4,2.2,0.6,0.1,0.1,0.1,0.1,0.0,0.0,0.0,0.0,0.0,0.0,0.0,0.0,0.0,0.0,0.021,3.8,0.95,96.0,9.6e-05,2520.0,,37.6,2.66,0.376,2.487046716e-12,2.487046716e-12,1502.2,51.282303000000006,2.135538,0.011613,27.876282,0.0,0.3,0.65,0.05,0.0,clay composition data available,54.33445901864242,-9.529391934358877,0.7652677973209828,-4.138562332985415,0.7652677973209828,9.72551691303688e-05
50,AST-02,48,1505.5,NMRFS,Zand van Berg,1.9,1.9,2.5,3.3,2.3,1.4,0.8,1.1,2.4,6.2,19.4,28.7,25.4,3.4,0.8,0.2,0.1,0.0,0.1,0.0,0.0,0.0,0.0,0.0,0.0,0.0,0.0,0.0,0.0,0.019,3.76,0.95,96.0,9.6e-05,516.0,,32.5,2.67,0.325,5.092524228e-13,5.092524228e-13,1505.5,41.948502000000005,2.1628580000000004,0.046326,26.360560999999997,0.15,0.5,0.35,,,clay composition estimated,59.227579842758324,-9.503769443562225,0.832078435365221,-4.127434626619813,0.832078435365221,9.927214181830629e-05
51,AST-02,49,1505.8,NMRFS,Zand van Berg,1.4,1.4,2.5,3.0,2.5,1.2,0.7,0.9,1.2,6.4,20.4,29.3,26.0,3.5,0.8,0.1,0.0,0.0,0.1,0.0,0.0,0.0,0.0,0.0,0.0,0.0,0.0,0.0,0.0,0.013999999999999999,3.7,0.89,96.0,9.6e-05,1370.0,,36.7,2.66,0.36700000000000005,1.352084921e-12,1.352084921e-12,1505.8,40.300072,2.15501,0.038959,26.814334999999996,0.15,0.5,0.35,,,clay composition estimated,58.18633320605341,-9.488233965223191,0.8004295671355478,-4.120687654103443,0.8004295671355478,9.131978359118732e-05
52,AST-02,50,1506.1,NMRFS,Zand van Berg,1.4,1.4,2.0,3.1,2.6,1.7,1.0,1.6,1.4,7.8,19.1,28.1,23.1,2.7,0.7,0.2,0.4,0.6,1.1,0.7,0.2,0.3,0.1,0.1,0.0,0.0,0.0,0.0,0.0,0.013999999999999999,3.69,1.01,96.0,9.6e-05,748.0,,34.1,2.66,0.341,7.382186284000001e-13,7.382186284000001e-13,1506.1,39.805237,2.12072,0.015597,26.662215999999997,0.15,0.5,0.35,,,clay composition estimated,55.54988433911337,-9.47813166176799,0.78943431528041,-4.116300279458338,0.78943431528041,9.665125081553079e-05
53,AST-02,51,1506.4,NMRFS,Zand van Berg,1.7,1.7,2.7,3.8,2.8,1.5,0.8,1.3,0.7,6.2,15.3,31.3,25.7,2.9,1.0,0.2,0.3,0.4,0.5,0.5,0.2,0.2,0.0,0.0,0.0,0.0,0.0,0.0,0.0,0.017,3.7,0.99,96.0,9.6e-05,793.0,,35.3,2.67,0.353,7.826301769e-13,7.826301769e-13,1506.4,40.763366999999995,2.098352,0.0021609999999999997,27.505245000000002,0.15,0.5,0.35,,,clay composition estimated,62.70603327923878,-9.539439642971647,0.8874659946244318,-4.142925997391714,0.8874659946244318,9.280957904653022e-05
54,AST-02,52,1506.7,NMRFS,Zand van Berg,1.1,1.1,1.3,2.4,1.9,1.3,0.8,1.4,1.7,5.2,15.6,32.1,29.0,3.2,1.3,0.2,0.2,0.3,0.4,0.3,0.1,0.1,0.1,0.0,0.0,0.0,0.0,0.0,0.0,0.011000000000000001,3.61,0.89,96.0,9.6e-05,1270.0,,35.6,2.66,0.35600000000000004,1.253392591e-12,1.253392591e-12,1506.7,44.805428000000006,2.093804,0.005078,27.945068,0.15,0.5,0.35,,,clay composition estimated,46.03326638745718,-9.392659216645256,0.6796834965811066,-4.079180068186754,0.6796834965811066,9.210708186152298e-05
55,AST-02,53,1507.0,NMRFS,Zand van Berg,1.3,1.3,2.0,3.3,2.5,1.5,0.7,1.3,0.8,4.6,13.1,32.7,30.5,3.4,1.6,0.2,0.1,0.1,0.1,0.2,0.0,0.0,0.0,0.0,0.0,0.0,0.0,0.0,0.0,0.013000000000000001,3.65,0.91,96.0,9.6e-05,1550.0,,38.1,2.65,0.381,1.529731115e-12,1.529731115e-12,1507.0,47.184578,2.103652,0.014231,27.75,0.15,0.5,0.35,,,clay composition estimated,55.12980617440557,-9.482638409515094,0.8073684848353812,-4.118257535136234,0.8073684848353812,9.093530368852422e-05
56,AST-02,54,1507.3,NMRFS,Zand van Berg,1.8,1.8,1.9,3.6,3.0,1.9,1.2,1.4,0.4,5.5,18.4,32.7,24.1,2.0,1.2,0.3,0.1,0.1,0.2,0.2,0.0,0.0,0.0,0.0,0.0,0.0,0.0,0.0,0.0,0.018000000000000002,3.74,3.95,96.0,9.6e-05,620.0,,34.3,2.65,0.34299999999999997,6.118924460000001e-13,6.118924460000001e-13,1507.3,45.538810999999995,2.109222,0.019571,27.71677,0.15,0.5,0.35,,,clay composition estimated,57.403053896128924,-9.518468722967201,0.8643333168379588,-4.133818442553349,0.8643333168379588,0.00010421243577175661
57,AST-02,55,1507.6,NMRFS,Zand van Berg,1.1,1.1,1.5,2.5,2.0,1.5,0.9,1.5,1.2,6.2,19.1,35.4,22.4,1.8,1.7,0.4,0.2,0.1,0.1,0.1,0.1,0.1,0.0,0.1,0.0,0.0,0.0,0.0,0.0,0.011000000000000001,3.66,0.88,96.0,9.6e-05,1180.0,,35.5,2.65,0.355,1.164569494e-12,1.164569494e-12,1507.6,39.339523,2.098201,0.016441,27.190784000000004,0.15,0.5,0.35,,,clay composition estimated,48.83209190895455,-9.458541481008023,0.7809758576223388,-4.107792372054795,0.7809758576223388,9.163808867711016e-05
58,AST-02,56,1507.9,NMRFS,Zand van Berg,0.9,0.9,1.3,2.0,1.8,1.2,0.8,1.2,1.0,6.9,22.2,30.0,21.9,3.8,3.5,0.9,0.3,0.1,0.1,0.0,0.0,0.0,0.1,0.0,0.0,0.0,0.0,0.0,0.0,0.009000000000000001,3.6,0.83,96.0,9.6e-05,1550.0,,35.6,2.65,0.35600000000000004,1.529731115e-12,1.529731115e-12,1507.9,38.687034999999995,2.096524,0.018616,26.874233,0.15,0.5,0.35,,,clay composition estimated,44.769818457813585,-9.444396201270356,0.6975705051839751,-4.101649155119747,0.6975705051839751,9.105660219752594e-05
59,AST-02,57,1508.2,NMRFS,Zand van Berg,0.8,0.8,1.0,1.7,1.6,1.2,0.8,1.2,1.7,6.1,17.6,30.5,24.9,4.1,4.9,1.2,0.3,0.2,0.1,0.0,0.0,0.0,0.0,0.1,0.0,0.0,0.0,0.0,0.0,0.008,3.56,0.84,96.0,9.6e-05,1670.0,,34.8,2.65,0.348,1.648161911e-12,1.648161911e-12,1508.2,46.980315999999995,2.1103560000000003,0.023765,27.293045000000003,0.15,0.5,0.35,,,clay composition estimated,40.73032547857324,-9.38460014260052,0.657536597372695,-4.075680056799876,0.657536597372695,9.33237463694093e-05
60,AST-02,58,1508.5,NMRFS,Zand van Berg,0.6,0.6,1.0,1.4,1.3,0.8,0.6,0.8,0.8,3.8,13.7,29.3,28.7,6.3,8.1,2.0,0.5,0.2,0.1,0.0,0.0,0.0,0.0,0.0,0.0,0.0,0.0,0.0,0.0,0.006,3.42,0.77,96.0,9.6e-05,1780.0,,36.3,2.65,0.363,1.756723474e-12,1.756723474e-12,1508.5,50.056923,2.1244650000000003,0.027938,27.406384000000003,0.15,0.5,0.35,,,clay composition estimated,37.409940567570274,-9.254248425981524,0.6702854584658468,-4.01906902556563,0.6702854584658468,0.00010464740490635912
61,AST-02,59,1508.8,NMRFS,Zand van Berg,0.6,0.6,1.1,1.5,1.5,1.0,0.8,1.3,1.3,5.0,14.9,26.9,27.7,6.2,7.0,2.0,0.5,0.3,0.2,0.1,0.0,0.0,0.1,0.0,0.0,0.0,0.0,0.0,0.0,0.006,3.48,0.84,115.0,0.00011499999999999999,1410.0,,34.9,2.64,0.349,1.3915618530000001e-12,1.3915618530000001e-12,1508.8,48.397858,2.122377,0.023306999999999998,27.35107,0.15,0.5,0.35,,,clay composition estimated,39.580776158678134,-9.326240194962685,0.6781526289919274,-4.050334653576602,0.6781526289919274,0.00010374395690599827
62,AST-02,62,1509.7,NMRFS,Zand van Berg,0.5,0.5,0.7,1.3,1.2,0.8,0.7,0.7,0.2,3.9,13.9,23.0,27.1,11.5,12.4,1.5,0.3,0.1,0.1,0.0,0.0,0.0,0.1,0.0,0.0,0.0,0.0,0.0,0.0,0.005,3.34,0.74,115.0,0.00011499999999999999,2740.0,,37.1,2.64,0.371,2.704169842e-12,2.704169842e-12,1509.7,50.622765,2.135042,0.028913,27.579165999999997,0.15,0.5,0.35,,,clay composition estimated,34.02548515484524,-9.228417343099096,0.5971791110507298,-4.007850728808207,0.5971791110507298,0.00010886245545181183
63,AST-02,63,1510.0,NMRFS,Zand van Berg,1.0,1.0,1.5,2.0,1.6,1.0,0.7,1.1,1.1,5.3,15.1,18.7,27.3,11.0,10.5,1.4,0.3,0.1,0.1,0.1,0.0,0.0,0.1,0.0,0.0,0.0,0.0,0.0,0.0,0.01,3.46,0.88,115.0,0.00011499999999999999,1220.0,,35.2,2.64,0.35200000000000004,1.2040464259999998e-12,1.2040464259999998e-12,1510.0,50.14817,2.1338209999999997,0.034518,27.599873,0.15,0.5,0.35,,,clay composition estimated,43.72604746863815,-9.309576403922222,0.7739505024986332,-4.043097661080139,0.7739505024986332,0.00012444318328098142
64,AST-02,68,1511.5,NMRFS,Zand van Berg,0.9,0.9,2.3,3.0,2.4,1.3,0.8,0.9,1.6,6.4,16.5,29.4,26.8,2.7,3.5,0.7,0.3,0.2,0.1,0.1,0.1,0.0,0.0,0.0,0.0,0.0,0.0,0.0,0.0,0.009000000000000001,3.65,0.92,69.0,6.9e-05,1210.0,,35.0,2.63,0.35,1.1941771929999999e-12,1.1941771929999999e-12,1511.5,52.380943,2.12114,0.035168,27.353363,0.15,0.5,0.35,,,clay composition estimated,56.30108391998254,-9.453270507540301,0.8592616721407502,-4.105503217363507,0.8592616721407502,0.00010382630913663471
65,AST-02,69,1511.8,NMRFS,Zand van Berg,0.9,0.9,2.7,3.6,3.1,1.6,1.0,1.2,1.5,5.9,14.1,25.7,29.8,3.7,4.1,0.6,0.2,0.1,0.1,0.1,0.0,0.0,0.0,0.0,0.0,0.0,0.0,0.0,0.0,0.009000000000000001,3.69,0.98,115.0,0.00011499999999999999,651.0,,33.8,2.65,0.33799999999999997,6.424870683e-13,6.424870683e-13,1511.8,53.8564,2.111427,0.03,27.389542,0.15,0.5,0.35,,,clay composition estimated,62.61165740613346,-9.543001861773929,0.8915764314641432,-4.144473049360875,0.8915764314641432,9.552041840940908e-05
66,AST-02,70,1512.75,NMRFS,Zand van Berg,0.4,0.4,1.2,1.7,1.3,0.7,0.6,0.9,1.3,5.6,14.2,28.3,36.4,3.3,3.2,0.3,0.2,0.1,0.1,0.0,0.0,0.0,0.0,0.1,0.0,0.0,0.0,0.1,0.0,0.004,3.49,0.78,115.0,0.00011499999999999999,1350.0,,36.6,2.65,0.366,1.332346455e-12,1.332346455e-12,1512.8,58.077934,2.121296,0.035929,27.797321000000004,0.15,0.5,0.35,,,clay composition estimated,40.80070884508802,-9.344895869171879,0.6077249020984719,-4.058436709941838,0.6077249020984719,9.937620439979585e-05
67,AST-02,71,1513.25,NMRFS,Zand van Berg,0.2,0.2,1.0,1.9,2.1,1.4,1.0,1.1,1.3,7.6,17.9,28.2,31.5,2.4,1.8,0.2,0.1,0.1,0.1,0.1,0.0,0.0,0.0,0.0,0.0,0.0,0.0,0.0,0.0,0.002,3.6,0.81,115.0,0.00011499999999999999,713.0,,35.5,2.64,0.355,7.036763129000001e-13,7.036763129000001e-13,1513.3,53.028275,2.210226,0.048803,27.230858,0.15,0.5,0.35,,,clay composition estimated,43.07083040805048,-9.41674454912597,0.637975880498166,-4.0896401951779335,0.637975880498166,9.501976828430325e-05
68,AST-02,72,1513.75,NLLFR,Basaal Zand van Dongen,0.3,0.3,1.4,2.6,2.9,1.9,1.2,1.3,1.4,5.8,15.9,30.1,31.0,2.0,1.7,0.2,0.1,0.1,0.1,0.0,0.0,0.0,0.0,0.0,0.0,0.0,0.0,0.0,0.0,0.003,3.66,0.89,115.0,0.00011499999999999999,1010.0,,35.6,2.64,0.35600000000000004,9.96792533e-13,9.96792533e-13,1513.8,54.188141,2.243093,0.048833999999999995,26.752159000000002,0.15,0.5,0.35,,,clay composition estimated,50.205956160151594,-9.462233737704143,0.8004096814884168,-4.10939589876369,0.8004096814884168,9.687063421348574e-05
69,AST-02,73,1514.25,NLLFR,Basaal Zand van Dongen,0.3,0.3,1.2,2.3,2.5,1.7,1.2,1.3,1.7,7.3,16.3,28.7,31.8,2.0,1.2,0.1,0.1,0.1,0.1,0.0,0.0,0.1,0.0,0.0,0.0,0.0,0.0,0.0,0.0,0.003,3.65,0.87,115.0,0.00011499999999999999,871.0,,35.2,2.65,0.35200000000000004,8.596101943000001e-13,8.596101943000001e-13,1514.3,53.394707,2.274233,0.052235000000000004,26.19865,0.15,0.5,0.35,,,clay composition estimated,47.06459187878388,-9.47512802929905,0.6743586042932237,-4.114995818451408,0.6743586042932237,9.271131111312349e-05
70,AST-02,74,1514.72,NLLFR,Basaal Zand van Dongen,0.4,0.4,1.3,2.4,2.4,1.4,0.8,0.9,1.5,8.2,19.2,30.6,28.2,1.4,0.9,0.1,0.1,0.1,0.1,0.0,0.0,0.0,0.0,0.0,0.0,0.0,0.0,0.0,0.0,0.004,3.65,0.83,96.0,9.6e-05,716.0,,34.4,2.66,0.344,7.066370828e-13,7.066370828e-13,1514.7,51.592789,2.255985,0.033285,26.372444,0.15,0.5,0.35,,,clay composition estimated,47.7750451777579,-9.448664537397052,0.740354935604516,-4.103502869946482,0.740354935604516,9.272107939594739e-05
71,AST-02,75,1515.25,NLLFR,Basaal Zand van Dongen,18.2,18.2,2.8,7.1,8.6,7.5,5.8,16.7,29.0,3.0,0.2,0.3,0.3,0.1,0.0,0.1,0.1,0.1,0.1,0.0,0.0,0.0,0.0,0.0,0.0,0.0,0.0,0.0,0.0,0.182,,,56.0,5.6000000000000006e-05,28.5,,30.4,2.67,0.304,2.8127314049999995e-14,2.8127314049999995e-14,1515.3,55.140327,2.287974,0.039887,26.806061,0.15,0.5,0.35,,,clay composition estimated,98.55246539913449,-10.425553659992177,0.7726622441872562,-4.527760425320856,0.7726622441872562,3.832181824559663e-05
72,AST-02,76,1515.75,NLLFR,Basaal Zand van Dongen,11.0,11.0,5.0,8.9,11.4,10.0,8.1,15.7,26.4,2.5,0.2,0.1,0.1,0.0,0.1,0.1,0.1,0.1,0.1,0.1,0.0,0.0,0.0,0.0,0.0,0.0,0.0,0.0,0.0,0.11,,,56.0,5.6000000000000006e-05,14.9,,29.7,2.67,0.297,1.4705157169999997e-14,1.4705157169999997e-14,1515.8,48.548515,2.228168,0.041105,27.456260999999998,0.15,0.5,0.35,,,clay composition estimated,129.90692898841635,-10.568671711664228,0.8993664247463165,-4.589915805422771,0.8993664247463165,3.8643860865863006e-05
73,AST-02,77,1516.28,NLLFR,Basaal Zand van Dongen,4.6,4.6,9.9,13.4,13.6,9.5,5.0,3.9,11.9,25.2,2.3,0.3,0.1,0.0,0.0,0.0,0.1,0.1,0.1,0.0,0.0,0.0,0.0,0.0,0.0,0.0,0.0,0.0,0.0,0.046,,,69.0,6.9e-05,8.13,,22.6,2.65,0.226,8.023686429e-15,8.023686429e-15,1516.3,47.846588,2.170016,0.017289,27.427448,0.15,0.5,0.35,,,clay composition estimated,181.0789357464014,-10.666378619051432,1.1391741793028072,-4.632349376144865,1.1391741793028072,2.8911767635233863e-05
74,AST-02,78,1516.78,NLLFR,Basaal Zand van Dongen,13.5,13.5,10.0,15.5,20.2,16.1,11.4,7.1,2.4,3.2,0.2,0.0,0.1,0.0,0.0,0.1,0.0,0.0,0.1,0.1,0.0,0.0,0.0,0.0,0.0,0.0,0.0,0.0,0.0,0.135,,,12.0,1.2e-05,3.88,,26.1,2.67,0.261,3.829262404e-15,3.829262404e-15,1516.8,48.027840000000005,2.181334,0.027882,26.479534,0.15,0.5,0.35,,,clay composition estimated,204.35510766864456,-11.116041500089105,0.9414432680879431,-4.827635484096244,0.9414432680879431,1.5438732907510604e-05
