,Unnamed: 0,well,sample_number,depth,strat_unit,strat_unit_Heederik1988,clay_percentage,0-2_micron,2-4_micron,4-8_micron,8-16_micron,16-25_micron,25-35_micron,35-50_micron,50-63_micron,63-75_micron,75-88_micron,88-105_micron,105-125_micron,125-150_micron,150-177_micron,177-210_micron,210-250_micron,250-300_micron,300-354_micron,354-420_micron,420-500_micron,500-600_micron,600-707_micron,707-850_micron,850-1000_micron,1000-1190_micron,1190-1410_micron,1410-1680_micron,1680-2000_micron,clay_fraction,phi_mean,phi_std,median_grain_size_mu,median_grain_size,kh_nitrogen_mDarcy,kv_nitrogen_mDarcy,helium_porosity,grain_density,porosity,kh,permeability_measured,depth_log,GR,RHOB,DRHO,NPHI,kaolinite_fraction,illite_fraction,smectite_fraction,mixed_layer_fraction,chlorite_fraction,note,specific_surface_granular_fraction,ln_grainsize_mean,ln_grainsize_std,log10_grainsize_mean,log10_grainsize_std,median_grainsize,k_kaolinite,k_illite,k_smectite,k_clay,k_granular,power_mean_exponent,k_calculated
0,0,AST-02,79,1517.25,NLLFR,Basaal Zand van Dongen,16.1,16.1,4.8,6.6,7.1,5.0,2.4,2.5,4.7,39.7,9.7,0.8,0.3,0.0,0.0,0.0,0.1,0.0,0.1,0.1,0.0,0.0,0.0,0.0,0.0,0.0,0.0,0.0,0.0,0.161,,,69.0,6.9e-05,9.14,,24.3,2.66,0.243,9.020478962e-15,9.020478962e-15,1517.3,48.271393,2.246239,0.048097,26.179676,0.15,0.5,0.35,,,clay composition estimated,101.06846131904142,-10.271429635496354,1.113889625636758,-4.460825211953593,1.113889625636758,6.409571606072176e-05,1.5924208706501555e-19,4.1911891696690475e-22,8.148332110162032e-24,2.57247618739158e-22,8.242731541903396e-14,0.0,3.520872261241094e-15
1,1,AST-02,80,1517.75,NLLFR,Basaal Zand van Dongen,13.6,13.6,5.4,12.8,13.1,9.1,4.4,9.6,17.1,12.3,0.7,0.3,0.2,0.1,0.1,0.1,0.1,0.1,0.1,0.2,0.1,0.1,0.0,0.1,0.1,0.1,0.1,0.0,0.0,0.136,,,56.0,5.600000000000001e-05,10.7,,28.4,2.65,0.284,1.056007931e-14,1.056007931e-14,1517.8,50.471313,2.214602,0.027415,25.983631,0.15,0.5,0.35,,,clay composition estimated,143.54909032939145,-10.703096867071457,1.1017948842367642,-4.648295908645117,1.1017948842367642,3.3956829390121054e-05,7.789302988689048e-20,2.0636227714227178e-22,4.4851340402914996e-24,1.3157135420252544e-22,8.530494160725292e-14,0.0,5.402162490031683e-15
2,2,AST-02,81,1518.22,NLLFR,Basaal Zand van Dongen,56.7,56.7,0.0,1.6,1.6,1.0,0.0,3.8,11.6,20.7,1.8,0.2,0.1,0.0,0.1,0.1,0.1,0.1,0.2,0.1,0.1,0.1,0.0,0.0,0.0,0.0,0.0,0.0,0.0,0.5670000000000001,,,69.0,6.9e-05,28.3,,30.7,2.66,0.307,2.7929929390000002e-14,2.7929929390000002e-14,1518.2,49.193977,2.228571,0.030695,25.376404,0.15,0.5,0.35,,,clay composition estimated,24.26549534760551,-9.856120628955306,0.5920112197004039,-4.2804588021280985,0.5920112197004039,6.30954877426682e-05,1.6312363577294299e-16,4.0285329920450986e-19,2.6581064531488983e-21,1.7102174195752065e-19,4.381188030283604e-12,0.0,2.7602561812085623e-16
3,3,AST-02,82,1518.75,NLLFR,Basaal Zand van Dongen,16.2,16.2,6.4,8.1,6.8,5.0,2.0,3.0,9.5,38.0,3.9,0.3,0.1,0.0,0.1,0.1,0.1,0.1,0.2,0.0,0.0,0.1,0.0,0.0,0.0,0.0,0.0,0.0,0.0,0.162,,,69.0,6.9e-05,67.5,,28.8,2.66,0.28800000000000003,6.661732275e-14,6.661732275e-14,1518.8,51.049301,2.340439,0.059385,25.968479,0.15,0.5,0.35,,,clay composition estimated,117.83943351940594,-10.345081504290523,1.112403470097349,-4.492811812152769,1.112403470097349,6.796307626484702e-05,1.635437335701367e-19,4.303353184413293e-22,8.331704108672301e-24,2.6375786880571174e-22,1.3549686221214626e-13,0.0,5.257653734463252e-15
4,4,AST-02,83,1519.25,NLLFR,Basaal Zand van Dongen,16.5,16.5,6.9,12.6,10.9,8.4,4.6,6.2,10.5,22.2,0.8,0.1,0.0,0.0,0.1,0.0,0.0,0.0,0.1,0.0,0.1,0.0,0.0,0.0,0.0,0.0,0.0,0.0,0.0,0.165,,,69.0,6.9e-05,2.42,,23.7,2.65,0.237,2.3883543859999998e-15,2.3883543859999998e-15,1519.3,49.683685,2.256829,0.032711000000000004,25.871574,0.15,0.5,0.35,,,clay composition estimated,148.00464902072852,-10.629948253331653,1.0345804386272368,-4.616527869339046,1.0345804386272368,3.448921213608273e-05,1.7701903840256348e-19,4.654545106990409e-22,8.901098003363624e-24,2.8408406403649466e-22,3.426838243239015e-14,0.0,1.590211515426172e-15
5,5,AST-02,84,1519.8,NLLFR,Basaal Zand van Dongen,15.9,15.9,5.2,12.2,12.2,9.6,6.3,11.0,17.4,8.9,0.5,0.2,0.1,0.0,0.1,0.0,0.1,0.1,0.1,0.1,0.0,0.0,0.0,0.0,0.0,0.0,0.0,0.0,0.0,0.159,,,56.0,5.600000000000001e-05,5.4,,27.2,2.65,0.272,5.32938582e-15,5.32938582e-15,1519.8,46.468712,2.223472,0.031916,26.424896,0.15,0.5,0.35,,,clay composition estimated,139.6630409703096,-10.717331930623507,1.0229117732874144,-4.654478118195313,1.0229117732874144,3.171010206857757e-05,1.5091425087982992e-19,3.9739637891949005e-22,7.790977460835763e-24,2.446125147114688e-22,7.321724925991089e-14,0.0,3.287819640899799e-15
6,6,AST-02,85,1520.28,NLLFR,Basaal Zand van Dongen,12.7,12.7,4.0,8.7,8.8,7.5,5.9,12.7,22.2,15.8,1.2,0.2,0.0,0.0,0.1,0.0,0.0,0.0,0.1,0.1,0.0,0.0,0.0,0.0,0.0,0.0,0.0,0.0,0.0,0.127,,,56.0,5.600000000000001e-05,16.4,,29.4,2.66,0.294,1.618554212e-14,1.618554212e-14,1520.3,49.367485,2.212817,0.028684,26.405415,0.15,0.5,0.35,,,clay composition estimated,113.61257381606741,-10.435530182520749,0.9943202129800784,-4.532093174003594,0.9943202129800784,4.986966948028833e-05,5.860355002808815e-20,1.5566486630173756e-22,3.53671449051134e-24,1.0076132989406e-22,1.6124941011903097e-13,0.0,1.092859157208143e-14
7,7,AST-02,86,1520.75,NLLFR,Basaal Zand van Dongen,13.4,13.4,8.2,12.1,11.5,8.2,4.6,8.1,5.7,25.5,1.8,0.2,0.0,0.0,0.1,0.0,0.1,0.1,0.1,0.0,0.0,0.2,0.1,0.0,0.0,0.0,0.0,0.0,0.0,0.134,,,69.0,6.9e-05,11.7,,22.9,2.65,0.229,1.154700261e-14,1.154700261e-14,1520.8,47.7257,2.211485,0.025125,26.70826,0.15,0.5,0.35,,,clay composition estimated,157.3380229189087,-10.635365657320367,1.1088136013419805,-4.618880617997586,1.1088136013419805,2.7582746300088945e-05,7.322341711876111e-20,1.941012336812233e-22,4.259502617358473e-24,1.2416158786190366e-22,2.5931430865756133e-14,0.0,1.990526782424642e-15
8,8,AST-02,87,1521.25,NLLFR,Basaal Zand van Dongen,13.4,13.4,9.0,13.0,10.1,6.3,3.4,6.2,10.4,26.5,1.1,0.1,0.1,0.0,0.1,0.1,0.1,0.1,0.0,0.0,0.0,0.0,0.0,0.0,0.0,0.0,0.0,0.0,0.0,0.134,,,69.0,6.9e-05,6.58,,24.1,2.65,0.241,6.493955314e-15,6.493955314e-15,1521.3,50.463249,2.21371,0.032033,26.856335,0.15,0.5,0.35,,,clay composition estimated,162.1205538803569,-10.6177613505201,1.1009800144547015,-4.6112351646965,1.1009800144547015,4.9576083935664e-05,7.322341711876111e-20,1.941012336812233e-22,4.259502617358473e-24,1.2416158786190366e-22,3.0839524015637326e-14,0.0,2.312924900615624e-15
9,9,AST-02,88,1522.1,NLLFR,Basaal Zand van Dongen,15.0,15.0,5.1,8.8,6.0,4.0,2.6,14.1,34.5,9.1,0.3,0.1,0.0,0.0,0.1,0.0,0.1,0.1,0.1,0.0,0.0,0.0,0.0,0.0,0.0,0.0,0.0,0.0,0.0,0.15,,,56.0,5.600000000000001e-05,27.3,,31.2,2.64,0.312,2.6943006089999994e-14,2.6943006089999994e-14,1522.1,46.484718,2.232432,0.038924,25.942062,0.15,0.5,0.35,,,clay composition estimated,113.86769702542409,-10.316399676817177,0.9084394862481042,-4.4803554527501905,0.9084394862481042,6.005159362882371e-05,1.1767966731496372e-19,3.105898571808403e-22,6.329889426369109e-24,1.9372581318728696e-22,2.1578781998982023e-13,0.0,9.484206739950255e-15
10,10,AST-02,89,1522.57,NLLFR,Basaal Zand van Dongen,11.2,11.2,8.3,11.2,9.4,7.7,6.3,14.6,25.7,5.3,0.2,0.0,0.0,0.0,0.0,0.0,0.0,0.1,0.0,0.0,0.0,0.0,0.0,0.0,0.0,0.0,0.0,0.0,0.0,0.112,,,56.0,5.600000000000001e-05,47.8,,29.0,2.65,0.29,4.717493374e-14,4.717493374e-14,1522.6,48.675522,2.226262,0.027509,26.582539,0.15,0.5,0.35,,,clay composition estimated,155.78042964821202,-10.700715729224298,1.0824452198544838,-4.647261793617443,1.0824452198544838,4.610971967513594e-05,3.500978407917355e-20,9.343530023761489e-23,2.300375678365189e-24,6.216035357177092e-23,8.019710651820001e-14,0.0,7.65184976135554e-15
11,11,AST-02,90,1523.5,NLLFR,Basaal Zand van Dongen,12.3,12.3,6.1,9.7,7.2,6.4,5.3,15.7,27.4,9.2,0.4,0.1,0.0,0.0,0.0,0.0,0.0,0.1,0.1,0.0,0.0,0.0,0.0,0.0,0.0,0.0,0.0,0.0,0.0,0.123,,,56.0,5.600000000000001e-05,86.0,,28.2,2.67,0.282,8.48754038e-14,8.48754038e-14,1523.5,48.834915,2.221435,0.024664,25.466225,0.15,0.5,0.35,,,clay composition estimated,129.80776597405708,-10.538125067290734,0.9628939822731991,-4.576649566330699,0.9628939822731991,4.8078197208998795e-05,5.135589848784561e-20,1.3657889238601983e-22,3.1676035781532455e-24,8.902995044991967e-23,1.0081142425458362e-13,0.0,7.760165711752729e-15
12,12,AST-02,91,1523.6,NLLFR,Basaal Zand van Dongen,16.8,16.8,6.3,9.5,7.8,7.2,2.7,12.5,17.0,19.5,0.5,0.1,0.0,0.0,0.0,0.0,0.0,0.1,0.0,0.0,0.0,0.0,0.0,0.0,0.0,0.0,0.0,0.0,0.0,0.168,,,69.0,6.9e-05,58.8,,27.4,2.66,0.274,5.803109003999998e-14,5.803109003999998e-14,1523.6,48.24958,2.226671,0.026781,25.26738,0.15,0.5,0.35,,,clay composition estimated,128.14412873457752,-10.52028174735814,1.048906159624699,-4.568900310945139,1.048906159624699,3.5720826548626604e-05,1.9138503753994272e-19,5.028680062555311e-22,9.50030353877803e-24,3.056478312279844e-22,9.007115844633481e-14,0.0,3.4019860169381155e-15
13,13,AST-02,93,1524.57,NLLFR,Basaal Zand van Dongen,13.9,13.9,5.5,6.6,6.9,5.3,3.5,12.1,34.7,10.3,0.4,0.3,0.3,0.0,0.0,0.0,0.1,0.0,0.1,0.0,0.0,0.0,0.0,0.0,0.0,0.0,0.0,0.0,0.0,0.139,,,56.0,5.600000000000001e-05,654.0,,30.9,2.66,0.309,6.454478382e-13,6.454478382e-13,1524.6,54.883965,2.237966,0.029628,25.840912,0.15,0.5,0.35,,,clay composition estimated,111.91795912034115,-10.376570419889108,0.9258786396100774,-4.5064872744383475,0.9258786396100774,5.200238409435336e-05,8.534038811447763e-20,2.2590305784699466e-22,4.840443723002077e-24,1.4333229613336576e-22,2.1277057371113723e-13,0.0,1.1299615903886643e-14
14,14,AST-02,94,1525.0,NLLFR,Basaal Zand van Dongen,10.6,10.6,3.9,5.5,6.4,6.7,5.7,13.5,29.5,16.9,0.9,0.1,0.1,0.0,0.0,0.0,0.0,0.1,0.1,0.0,0.0,0.0,0.0,0.0,0.0,0.0,0.0,0.0,0.0,0.106,,,56.0,5.600000000000001e-05,189.0,,28.3,2.65,0.28300000000000003,1.8652850370000002e-13,1.8652850370000002e-13,1525.0,54.872253,2.242712,0.031977,26.718643,0.15,0.5,0.35,,,clay composition estimated,98.83349396258072,-10.328385801518008,0.9054889057763984,-4.485560960567166,0.9054889057763984,5.062909357589141e-05,2.801054623329437e-20,7.490879447420983e-23,1.9095080702447786e-24,5.042979062318276e-23,1.7690615614203693e-13,0.0,1.7217378754613134e-14
15,15,AST-02,95,1525.57,NLLFR,Basaal Zand van Dongen,17.1,17.1,6.3,8.0,8.7,6.6,3.9,6.9,14.8,26.0,1.4,0.2,0.1,0.0,0.0,0.0,0.0,0.0,0.0,0.0,0.0,0.0,0.0,0.0,0.0,0.0,0.0,0.0,0.0,0.171,,,69.0,6.9e-05,8.98,,24.3,2.66,0.243,8.862571234e-15,8.862571234e-15,1525.6,53.47446400000001,2.24443,0.035733999999999995,26.22953,0.15,0.5,0.35,,,clay composition estimated,122.97772096002315,-10.46340899738268,1.1072662245505402,-4.544200789460135,1.1072662245505402,6.206732339381657e-05,2.0668854876269437e-19,5.426947274104709e-22,1.0130502208097268e-23,3.2850811703921414e-22,5.567363562492932e-14,0.0,2.1800822955564196e-15
16,16,AST-02,96,1526.14,NLLFR,Basaal Zand van Dongen,21.2,21.2,7.9,9.7,10.4,7.3,5.1,10.1,13.7,13.3,0.6,0.1,0.1,0.0,0.1,0.1,0.1,0.1,0.1,0.0,0.0,0.0,0.0,0.0,0.0,0.0,0.0,0.0,0.0,0.212,,,56.0,5.600000000000001e-05,22.7,,22.2,2.65,0.222,2.240315891e-14,2.240315891e-14,1526.1,50.19886,2.286813,0.05193,25.656147,0.15,0.5,0.35,,,clay composition estimated,143.25607312366776,-10.669740854431137,1.0139466779016562,-4.6338095764171285,1.0139466779016562,2.622265237591034e-05,5.391885446284049e-19,1.4033151731699052e-21,2.255866791474745e-23,8.0723208767264535e-22,2.7184450404079693e-14,0.0,6.894904630256078e-16
17,17,AST-02,97,1526.6,NLLFR,Basaal Zand van Dongen,21.4,21.4,7.2,8.7,9.9,8.8,6.8,10.2,10.8,15.0,0.9,0.1,0.1,0.0,0.1,0.0,0.0,0.0,0.0,0.0,0.0,0.0,0.0,0.0,0.0,0.0,0.0,0.0,0.0,0.214,,,69.0,6.9e-05,1.23,,20.9,2.64,0.209,1.213915659e-15,1.213915659e-15,1526.6,50.76387,2.291779,0.05779,26.432484,0.15,0.5,0.35,,,clay composition estimated,135.6914061827122,-10.64149940515002,1.0221161401522425,-4.621544470833392,1.0221161401522425,3.112193796472067e-05,5.629161752520675e-19,1.4644903529924769e-21,2.3384553875498065e-23,8.404947363125717e-22,2.31288343700863e-14,0.0,5.916642570665894e-16
18,18,AST-02,98,1527.1,NLLFR,Basaal Zand van Dongen,21.6,21.6,10.8,12.8,15.0,11.3,5.9,5.5,5.4,11.1,0.4,0.1,0.1,0.0,0.0,0.0,0.0,0.0,0.0,0.0,0.0,0.0,0.0,0.0,0.0,0.0,0.0,0.0,0.0,0.21600000000000005,,,12.0,1.2e-05,2.15,,20.2,2.62,0.202,2.121885095e-15,2.121885095e-15,1527.1,52.340324,2.308844,0.08492000000000001,26.994675,0.15,0.5,0.35,,,clay composition estimated,183.937129210526,-11.020325020349098,1.093860401790603,-4.7860663451179555,1.093860401790603,2.4514729436001692e-05,5.87516439364443e-19,1.5278903831967612e-21,2.4234768651185523e-23,8.748885031754743e-22,1.0822155896923158e-14,0.0,3.179536342094364e-16
19,19,AST-02,99,1527.6,NLLFR,Basaal Zand van Dongen,25.6,25.6,8.2,10.7,12.0,9.4,4.4,6.1,15.0,8.1,0.2,0.0,0.1,0.0,0.1,0.0,0.1,0.0,0.0,0.0,0.0,0.0,0.0,0.0,0.0,0.0,0.0,0.0,0.0,0.256,,,56.0,5.600000000000001e-05,1.97,,20.5,2.62,0.205,1.944238901e-15,1.944238901e-15,1527.6,54.607285,2.315,0.07649199999999999,26.38007,0.15,0.5,0.35,,,clay composition estimated,150.62597698475528,-10.732169392877264,0.961725161233898,-4.660921946177568,0.961725161233898,2.3541127618777952e-05,1.3105251833078788e-18,3.3831204048096223e-21,4.735299635241244e-23,1.8562956444636972e-21,1.722638095921992e-14,0.0,2.834666952061612e-16
20,20,AST-02,100,1528.1,NLLFR,Basaal Zand van Dongen,15.5,15.5,0.4,2.3,6.0,9.7,10.1,20.4,27.3,6.3,0.4,0.2,0.2,0.2,0.2,0.0,0.1,0.2,0.1,0.0,0.1,0.2,0.0,0.1,0.0,0.0,0.0,0.0,0.0,0.155,,,56.0,5.600000000000001e-05,8.75,,25.3,2.64,0.253,8.635578875e-15,8.635578875e-15,1528.1,49.199982,2.273882,0.048769,26.238464,0.15,0.5,0.35,,,clay composition estimated,65.53741202100115,-10.198347257552475,0.703359953104876,-4.429085938488201,0.703359953104876,3.508350874796426e-05,1.3531660298569616e-19,3.566809303821636e-22,7.112691277789022e-24,2.208281804273884e-22,2.3631343283224615e-13,0.0,9.417294504865483e-15
21,21,AST-02,101,1528.6,NLLFR,Basaal Zand van Dongen,22.1,22.1,6.4,8.4,9.3,6.3,4.1,10.5,23.3,7.6,0.9,0.2,0.1,0.1,0.2,0.0,0.1,0.2,0.1,0.0,0.0,0.1,0.0,0.0,0.0,0.0,0.0,0.0,0.0,0.221,,,56.0,5.600000000000001e-05,1.6,,21.2,2.62,0.212,1.57907728e-15,1.57907728e-15,1528.6,48.623596,2.248754,0.040882,26.091915,0.15,0.5,0.35,,,clay composition estimated,125.42253853274595,-10.56047728135305,0.988479220806673,-4.586357009556284,0.988479220806673,4.484968529323384e-05,6.530145371307962e-19,1.6965764413032997e-21,2.647062750293707e-23,9.660344769395304e-22,2.8845519711167866e-14,0.0,6.428126565408218e-16
22,22,AST-02,102,1529.1,NLLFR,Basaal Zand van Dongen,25.9,25.9,7.8,9.5,12.0,8.1,3.4,6.0,11.5,14.0,0.8,0.1,0.1,0.1,0.0,0.0,0.1,0.1,0.1,0.1,0.2,0.1,0.0,0.0,0.0,0.0,0.0,0.0,0.0,0.259,,,12.0,1.2e-05,20.9,,20.4,2.63,0.204,2.062669697e-14,2.062669697e-14,1529.1,51.731499,2.262275,0.042602,26.509163,0.15,0.5,0.35,,,clay composition estimated,141.59619053425084,-10.881540580153294,1.1991187803715182,-4.725793028566883,1.1991187803715182,1.7989272643368507e-05,1.3868918420969932e-18,3.578399015196611e-21,4.9646000771196625e-23,1.9575382923215183e-21,1.907575571829124e-14,0.0,2.9538602012234195e-16
23,23,AST-02,103,1529.6,NLLFR,Basaal Zand van Dongen,21.6,21.6,6.2,6.8,7.1,6.4,2.9,10.9,31.0,3.8,1.1,1.6,0.3,0.1,0.0,0.0,0.1,0.0,0.1,0.0,0.0,0.0,0.0,0.0,0.0,0.0,0.0,0.0,0.0,0.21600000000000005,,,56.0,5.600000000000001e-05,22.0,,21.7,2.63,0.217,2.17123126e-14,2.17123126e-14,1529.6,54.663994,2.25414,0.037297,26.346241,0.15,0.5,0.35,,,clay composition estimated,115.3561783798077,-10.432261551978812,1.0312806474497722,-4.5306736257958535,1.0312806474497722,4.7513277953965275e-05,5.87516439364443e-19,1.5278903831967612e-21,2.4234768651185523e-23,8.748885031754743e-22,3.784547569087225e-14,0.0,8.4844703531656e-16
24,24,AST-02,104,1531.08,NLLFR,Landen klei,18.9,18.9,5.8,7.9,10.6,10.0,5.8,15.6,23.4,1.6,0.1,0.0,0.1,0.1,0.0,0.0,0.1,0.0,0.0,0.0,0.0,0.0,0.0,0.0,0.0,0.0,0.0,0.0,0.0,0.189,,,56.0,5.600000000000001e-05,5.4,,24.2,2.65,0.242,5.32938582e-15,5.32938582e-15,1531.1,55.792709,2.280487,0.049899,25.890305,0.15,0.5,0.35,,,clay composition estimated,127.29366069046979,-10.59866791554266,0.9118901407935808,-4.602942991245215,0.9118901407935808,3.745299208441979e-05,3.210843362263008e-19,8.39655811418274e-22,1.4633699750693214e-23,4.964979572734209e-22,5.0984945791214355e-14,0.0,1.5605002125941292e-15
25,25,AST-02,105,1531.6,NLLFR,Landen klei,23.5,23.5,7.0,8.9,8.7,6.3,2.9,9.7,27.1,4.9,0.3,0.3,0.2,0.1,0.0,0.0,0.1,0.0,0.0,0.0,0.0,0.0,0.0,0.0,0.0,0.0,0.0,0.0,0.0,0.235,,,56.0,5.600000000000001e-05,8.01,,22.6,2.64,0.226,7.905255633e-15,7.905255633e-15,1531.6,51.673149,2.268053,0.032332,25.876011,0.15,0.5,0.35,,,clay composition estimated,129.8317853599347,-10.649630354360916,1.0973743380830634,-4.625075697208319,1.0973743380830634,4.801107203683463e-05,8.70237617941718e-19,2.2549815780307683e-21,3.364277033596947e-23,1.2645304447366678e-21,3.587474985479212e-14,0.0,6.358678649808012e-16
26,26,AST-02,106,1532.07,NLLFR,Landen klei,37.6,37.6,9.7,14.3,14.7,10.8,7.8,4.7,0.0,0.3,0.0,0.1,0.0,0.0,0.0,0.0,0.0,0.0,0.0,0.0,0.0,0.0,0.0,0.0,0.0,0.0,0.0,0.0,0.0,0.376,,,12.0,1.2e-05,153.0,,22.4,2.64,0.224,1.509992649e-13,1.509992649e-13,1532.1,53.98666400000001,2.285092,0.024813,26.508640000000003,0.15,0.5,0.35,,,clay composition estimated,175.3464513004636,-11.463958537962151,0.8506678324157179,-4.978733933804633,0.8506678324157179,8.026495201109072e-06,9.903170551592792e-18,2.509454849427002e-20,2.5626251594658084e-22,1.2365042455372896e-20,1.8893614087825448e-14,0.0,8.934826739728092e-17
27,27,AST-02,108,1533.1,NLLFR,Landen klei,24.0,24.0,10.4,12.2,15.0,12.5,10.5,7.6,1.8,1.4,1.8,1.5,0.7,0.2,0.2,0.0,0.1,0.0,0.1,0.0,0.0,0.0,0.0,0.0,0.0,0.0,0.0,0.0,0.0,0.24,,,12.0,1.2e-05,14.2,,21.5,2.62,0.215,1.4014310859999995e-14,1.4014310859999995e-14,1533.1,57.62710600000001,2.298535,0.045133,27.523174,0.15,0.5,0.35,,,clay composition estimated,180.85727902005118,-10.943651167535183,0.9473025782580724,-4.7527673139346085,0.9473025782580724,2.285861651739921e-05,9.61436274548905e-19,2.489018488921502e-21,3.656195946913201e-23,1.3883931071794794e-21,1.477126583571553e-14,0.0,3.0406081165985313e-16
28,28,AST-02,109,1533.6,NLLFR,Landen klei,17.2,17.2,7.2,8.6,8.6,5.8,2.7,0.6,0.1,1.9,1.1,1.0,1.4,1.1,2.0,1.8,1.8,2.5,4.9,4.0,4.7,5.7,4.4,4.2,3.1,1.8,1.2,0.3,0.3,0.172,,,12.0,1.2e-05,2.02,,18.0,2.61,0.18,1.993585066e-15,1.993585066e-15,1533.6,61.288925,2.314338,0.038801,27.621346000000006,0.15,0.5,0.35,,,clay composition estimated,115.76923019639379,-9.357503871561738,1.955424098196988,-4.063912295807579,1.955424098196988,0.00017514866290049963,2.1200643693070413e-19,5.565278532693075e-22,1.0347665495901137e-23,3.364268450693034e-22,1.6481848912458134e-14,0.0,7.839820144536202e-16
29,29,AST-02,110,1534.04,NLLFR,Landen klei,31.5,31.5,8.6,12.0,15.8,14.3,11.2,5.8,0.0,0.5,0.0,0.0,0.0,0.1,0.0,0.0,0.0,0.0,0.0,0.0,0.1,0.0,0.1,0.0,0.0,0.0,0.0,0.0,0.0,0.315,,,12.0,1.2e-05,7.27,,20.1,2.61,0.201,7.174932391e-15,7.174932391e-15,1534.0,56.761925,2.292744,0.021578,26.64344,0.15,0.5,0.35,,,clay composition estimated,167.525485891543,-11.29665709492216,0.8945137521588763,-4.906075840277913,0.8945137521588763,9.802405212825156e-06,3.733155353999272e-18,9.544927197577166e-21,1.1348263548936014e-22,4.953623719670915e-21,1.2763403428549256e-14,0.0,1.220359537762494e-16
30,30,AST-02,111,1534.6,NLLFR,Landen klei,34.2,34.2,8.2,10.8,14.9,14.3,7.2,6.5,2.5,0.8,0.1,0.0,0.0,0.1,0.1,0.0,0.0,0.1,0.1,0.0,0.0,0.0,0.0,0.0,0.0,0.0,0.0,0.1,0.0,0.342,,,12.0,1.2e-05,16.7,,19.1,2.6,0.191,1.648161911e-14,1.648161911e-14,1534.6,58.305389,2.259552,0.019443,27.349957,0.15,0.5,0.35,,,clay composition estimated,156.78439701865378,-11.154943860683328,0.8537054504696358,-4.844530564635326,0.8537054504696358,1.2322556278702635e-05,5.808066579522159e-18,1.4789896667870285e-20,1.6413365173565257e-22,7.497327444558354e-21,1.1642002474775744e-14,0.0,8.885139157538205e-17
31,31,AST-02,112,1535.1,NLLFR,Landen klei,6.2,6.2,10.9,14.1,13.7,8.4,5.2,4.0,2.9,12.2,10.7,6.7,3.0,0.3,0.2,0.1,0.1,0.1,0.1,0.1,0.1,0.1,0.1,0.1,0.2,0.2,0.2,0.0,0.0,0.062,,,6.0,6e-06,,,,,,,,1535.1,54.573311,2.298526,0.030249,27.857712,0.15,0.5,0.35,,,clay composition estimated,187.101947212439,-10.743041445228755,1.3585555030101024,-4.665643618520785,1.3585555030101024,1.619467568710124e-05,3.398579369545741e-21,9.266629780659575e-24,3.2817931147511605e-25,6.979019930773645e-24,,0.0,
32,32,AST-02,113,1229.1,NMVFV,Zand van Voort,6.7,6.7,8.5,11.4,11.0,7.7,5.4,5.9,7.4,11.7,11.4,7.6,3.8,0.4,0.2,0.1,0.1,0.1,0.1,0.1,0.1,0.0,0.0,0.0,0.2,0.1,0.0,0.0,0.0,0.067,,,69.0,6.9e-05,19.0,,30.0,2.63,0.3,1.87515427e-14,1.87515427e-14,1229.1,61.175339,,,,0.15,0.5,0.35,,,clay composition estimated,156.29854861529404,-10.52976909811108,1.2338021006401436,-4.573020615025023,1.2338021006401436,3.722576102451917e-05,4.584119911049816e-21,1.2464841743261356e-23,4.21324464469321e-25,9.23948185666498e-24,9.413569768768668e-14,0.0,2.010070060471617e-14
33,33,AST-02,114,1229.6,NMVFV,Zand van Voort,5.8,5.8,10.5,12.1,12.2,8.7,5.3,4.6,3.5,11.2,12.8,8.5,4.1,0.4,0.1,0.0,0.0,0.0,0.1,0.1,0.0,0.0,0.0,0.0,0.0,0.0,0.0,0.0,0.0,0.058,,,81.0,8.1e-05,7.52,,30.4,2.61,0.304,7.421663216e-15,7.421663216e-15,1229.6,61.65078000000001,,,,0.15,0.5,0.35,,,clay composition estimated,175.5116941467307,-10.662334858838566,1.2575136345096802,-4.630593193398276,1.2575136345096802,2.8508811722971972e-05,2.6307616910725725e-21,7.189974667580442e-24,2.6500520273730626e-25,5.4892744706926196e-24,7.973513471416324e-14,0.0,2.0523239570100554e-14
34,34,AST-02,115,1230.1,NMVFV,Zand van Voort,5.7,5.7,8.6,10.9,10.4,7.8,5.5,6.3,6.3,11.1,12.5,8.9,4.7,0.5,0.2,0.1,0.1,0.1,0.1,0.1,0.1,0.0,0.0,0.0,0.0,0.0,0.0,0.0,0.0,0.057,,,81.0,8.1e-05,7.25,,31.2,2.61,0.312,7.155193925000001e-15,7.155193925000001e-15,1230.1,71.933914,,,,0.15,0.5,0.35,,,clay composition estimated,154.5930253504592,-10.434553635820023,1.2176258068431165,-4.53166906516015,1.2176258068431165,4.2918708856003854e-05,2.4612459425992792e-21,6.730797704399541e-24,2.506703589162601e-25,5.156945776215598e-24,1.1707069840004168e-13,0.0,3.007135775914858e-14
35,35,AST-02,116,1230.6,NMVFV,Zand van Voort,5.1,5.1,8.9,11.4,11.1,8.5,5.7,6.1,6.1,12.7,12.5,7.9,3.3,0.3,0.1,0.0,0.0,0.0,0.1,0.1,0.1,0.0,0.0,0.0,0.0,0.0,0.0,0.0,0.0,0.051,,,81.0,8.1e-05,7.33,,31.7,2.62,0.317,7.234147789e-15,7.234147789e-15,1230.6,71.54316700000003,,,,0.15,0.5,0.35,,,clay composition estimated,160.7402944855636,-10.548492658009117,1.2213150125964192,-4.581152153770325,1.2213150125964192,4.164948428050301e-05,1.61010949256101e-21,4.420380182357368e-24,1.7588421843715041e-25,3.464076934546595e-24,1.1736250217127446e-13,0.0,3.408021506222876e-14
36,36,AST-02,117,1231.1,NMVFV,Zand van Voort,9.4,9.4,8.6,12.7,12.0,8.0,5.0,5.2,4.8,13.4,11.4,6.3,2.5,0.2,0.1,0.1,0.1,0.1,0.1,0.0,0.0,0.0,0.0,0.0,0.0,0.0,0.0,0.0,0.0,0.094,,,69.0,6.9e-05,26.4,,32.9,2.62,0.329,2.605477512e-14,2.605477512e-14,1231.1,64.14825400000001,,,,0.15,0.5,0.35,,,clay composition estimated,162.3926964001205,-10.65974574351378,1.3106024592873196,-4.629468754899711,1.3106024592873196,3.364963009514515e-05,1.7301428963767046e-20,4.647452414362648e-23,1.2770926044649352e-24,3.2099451275797826e-23,1.3911132689481613e-13,0.0,1.7278148167113003e-14
37,37,AST-02,119,1232.1,NMVFV,Zand van Voort,9.5,9.5,8.2,12.1,11.5,8.0,5.4,5.8,5.1,13.5,10.9,6.3,3.0,0.3,0.1,0.1,0.1,0.1,0.0,0.0,0.0,0.0,0.0,0.0,0.0,0.0,0.0,0.0,0.0,0.095,,,69.0,6.9e-05,,,,,,,,1232.1,58.807922,,,,0.15,0.5,0.35,,,clay composition estimated,156.90992604599086,-10.507604716188391,1.118853819410114,-4.563394746261202,1.118853819410114,4.251928606035626e-05,1.8046860612420942e-20,4.845810043272341e-23,1.3228723333092912e-24,3.3394482612330627e-23,,0.0,
38,38,AST-02,124,1234.7,NMVFV,Zand van Voort,6.6,6.6,9.7,13.6,12.3,7.9,4.8,4.7,3.3,10.6,10.6,9.2,5.9,0.5,0.1,0.0,0.1,0.0,0.1,0.0,0.0,0.0,0.0,0.0,0.0,0.0,0.0,0.0,0.0,0.066,,,6.0,6e-06,6.51,,29.3,2.6,0.293,6.424870683000001e-15,6.424870683000001e-15,1234.7,58.380898,,,,0.15,0.5,0.35,,,clay composition estimated,173.76623591380292,-10.595343411867587,1.253574609559924,-4.601499177644069,1.253574609559924,2.512333792996868e-05,4.325171700093535e-21,1.1767008939198666e-23,4.013586884649753e-25,8.749232926617944e-24,6.778769284031224e-14,0.0,1.5082207629424187e-14
39,39,AST-02,66,1510.9,NMRFS,Zand van Berg,0.9,0.9,1.9,2.4,1.9,0.8,0.5,0.5,0.3,4.9,10.7,24.3,30.6,9.8,8.1,1.2,0.3,0.3,0.3,0.0,0.1,0.1,0.0,0.1,0.0,0.0,0.0,0.0,0.0,0.009000000000000001,3.437,0.856,115.0,0.000115,1150.0,,34.9,2.64,0.349,1.134961795e-12,1.134961795e-12,1510.9,53.684082,2.130843,0.021297,28.027897,0.15,0.5,0.35,,,clay composition estimated,47.89791713480351,-9.283613855162418,0.7948624603417285,-4.031822269417614,0.7948624603417285,0.00012092422425730078,2.629130940482188e-24,7.656210236571374e-27,8.284349389251575e-28,8.440519937151968e-27,2.1801413533359306e-12,0.0,1.6172442424986566e-12
40,40,AST-02,38,1247.35,NMVFV,Zand van Voort,10.5,10.5,2.7,3.8,4.3,3.9,3.0,4.8,4.9,0.4,0.7,1.0,1.8,3.5,4.0,13.5,13.1,12.3,11.4,0.2,0.1,0.1,0.0,0.0,0.0,0.0,0.0,0.0,0.0,0.105,3.58,1.83,192.0,0.000192,101.0,,31.2,2.6,0.312,9.96792533e-14,9.96792533e-14,1247.3,66.13401800000001,,,,0.15,0.5,0.35,,,clay composition estimated,60.65948694950357,-9.181331238108037,1.3482490972132648,-3.987401493236273,1.3482490972132648,0.00019488201926758358,2.6959400608947414e-20,7.212304065105001e-23,1.8494912950646532e-24,4.865324941224581e-23,7.603797391303153e-13,0.0,6.466496908618293e-14
41,41,AST-02,39,1502.8,NMRFS,Zand van Berg,,,,,,,,,,,,,,,,,,,,,,,,,,,,,,,,,,,638.0,,35.6,2.67,0.35600000000000004,6.296570654e-13,6.296570654e-13,1502.8,47.700554,2.136516,0.016,26.525459,0.0,0.3,0.65,0.05,0.0,clay composition data available,,,,,,,,,,,,0.0,
42,42,AST-02,40,1503.1,NMRFS,Zand van Berg,1.8,1.8,2.8,3.4,3.0,1.6,1.1,1.0,0.6,6.3,12.4,22.6,35.6,5.9,1.3,0.2,0.1,0.2,0.1,0.0,0.0,0.0,0.0,0.0,0.0,0.0,0.0,0.0,0.0,0.018000000000000002,3.68,0.97,115.0,0.000115,1350.0,,36.8,2.66,0.368,1.332346455e-12,1.332346455e-12,1503.1,49.181877,2.168078,0.024032,26.394569,0.15,0.5,0.35,,,clay composition estimated,62.02504850556004,-9.516149620749212,0.8374608163972218,-4.132811269257107,0.8374608163972218,8.951545646680145e-05,3.3165757908149075e-23,9.43584110787809e-26,6.877131327545546e-27,9.090470456759721e-26,1.732692466230432e-12,0.0,9.99261269337741e-13
43,43,AST-02,41,1503.4,NMRFS,Zand van Berg,,,,,,,,,,,,,,,,,,,,,,,,,,,,,,,,,,,998.0,,34.1,2.67,0.341,9.849494534e-13,9.849494534e-13,1503.4,49.59819,2.195196,0.028124,26.459991,0.15,0.5,0.35,,,clay composition estimated,,,,,,,,,,,,0.0,
44,44,AST-02,42,1503.7,NMRFS,Zand van Berg,,,,,,,,,,,,,,,,,,,,,,,,,,,,,,,,,,,622.0,,33.5,2.66,0.335,6.138662926e-13,6.138662926e-13,1503.7,48.003159,2.196104,0.027952,26.528362,0.15,0.5,0.35,,,clay composition estimated,,,,,,,,,,,,0.0,
45,45,AST-02,43,1504.0,NMRFS,Zand van Berg,,,,,,,,,,,,,,,,,,,,,,,,,,,,,,,,,,,884.0,,35.6,2.67,0.35600000000000004,8.724401972e-13,8.724401972e-13,1504.0,45.736359,2.170259,0.023518,26.599937,0.15,0.5,0.35,,,clay composition estimated,,,,,,,,,,,,0.0,
46,46,AST-02,44,1504.3,NMRFS,Zand van Berg,,,,,,,,,,,,,,,,,,,,,,,,,,,,,,,,,,,307.0,,30.1,2.63,0.301,3.029854531e-13,3.029854531e-13,1504.3,45.715019,2.142929,0.013747,26.649837,0.15,0.5,0.35,,,clay composition estimated,,,,,,,,,,,,0.0,
47,47,AST-02,45,1504.6,NMRFS,Zand van Berg,,,,,,,,,,,,,,,,,,,,,,,,,,,,,,,,,,,960.0,,36.3,2.66,0.363,9.47446368e-13,9.47446368e-13,1504.6,45.912971,2.139174,0.012,27.199013,0.15,0.5,0.35,,,clay composition estimated,,,,,,,,,,,,0.0,
48,48,AST-02,46,1504.9,NMRFS,Zand van Berg,5.9,5.9,4.2,4.6,3.5,2.0,1.3,1.4,2.4,7.8,18.6,24.9,20.6,2.0,0.4,0.1,0.1,0.1,0.1,0.0,0.0,0.0,0.0,0.0,0.0,0.0,0.0,0.0,0.0,0.059,4.02,1.11,96.0,9.6e-05,244.0,,31.4,2.69,0.314,2.408092852e-13,2.408092852e-13,1504.9,43.269073,2.132095,0.013266,27.225151,0.15,0.5,0.35,,,clay composition estimated,78.60420040384966,-9.684905298715648,1.010107779536731,-4.20610092898777,1.010107779536731,9.992667091295934e-05,2.8089480676828692e-21,7.672345502734854e-24,2.799098406050399e-25,5.837165283553995e-24,4.67684347056533e-13,0.0,1.0632405586128866e-13
49,49,AST-02,47,1502.2,NMRFS,Zand van Berg,2.1,2.1,1.9,2.9,2.3,1.6,1.2,1.5,2.8,7.3,21.1,29.7,22.4,2.2,0.6,0.1,0.1,0.1,0.1,0.0,0.0,0.0,0.0,0.0,0.0,0.0,0.0,0.0,0.0,0.021,3.8,0.95,96.0,9.6e-05,2520.0,,37.6,2.66,0.376,2.487046716e-12,2.487046716e-12,1502.2,51.28230300000001,2.135538,0.011613,27.876282,0.0,0.3,0.65,0.05,0.0,clay composition data available,54.33445901864243,-9.529391934358877,0.7652677973209828,-4.138562332985415,0.7652677973209828,9.72551691303688e-05,5.849686010901343e-23,1.6556167498564712e-25,1.104506088019605e-26,4.940230556644345e-25,2.543608862524179e-12,0.0,1.375639267254929e-12
50,50,AST-02,48,1505.5,NMRFS,Zand van Berg,1.9,1.9,2.5,3.3,2.3,1.4,0.8,1.1,2.4,6.2,19.4,28.7,25.4,3.4,0.8,0.2,0.1,0.0,0.1,0.0,0.0,0.0,0.0,0.0,0.0,0.0,0.0,0.0,0.0,0.019,3.76,0.95,96.0,9.6e-05,516.0,,32.5,2.67,0.325,5.092524228e-13,5.092524228e-13,1505.5,41.94850200000001,2.1628580000000004,0.046326,26.360561,0.15,0.5,0.35,,,clay composition estimated,59.227579842758324,-9.503769443562225,0.8320784353652209,-4.127434626619813,0.8320784353652209,9.927214181830628e-05,4.046157104193832e-23,1.1490537181472338e-25,8.119052158342068e-27,1.0953513388365947e-25,9.818619100963673e-13,0.0,5.571254143852706e-13
51,51,AST-02,49,1505.8,NMRFS,Zand van Berg,1.4,1.4,2.5,3.0,2.5,1.2,0.7,0.9,1.2,6.4,20.4,29.3,26.0,3.5,0.8,0.1,0.0,0.0,0.1,0.0,0.0,0.0,0.0,0.0,0.0,0.0,0.0,0.0,0.0,0.014,3.7,0.89,96.0,9.6e-05,1370.0,,36.7,2.66,0.3670000000000001,1.352084921e-12,1.352084921e-12,1505.8,40.300072,2.15501,0.038959,26.814335,0.15,0.5,0.35,,,clay composition estimated,58.18633320605341,-9.488233965223193,0.8004295671355478,-4.120687654103444,0.8004295671355478,9.131978359118732e-05,1.3193425332374294e-23,3.785515977562922e-26,3.185373282062807e-27,3.830207416407032e-26,1.939614309391258e-12,0.0,1.2469598674289022e-12
52,52,AST-02,50,1506.1,NMRFS,Zand van Berg,1.4,1.4,2.0,3.1,2.6,1.7,1.0,1.6,1.4,7.8,19.1,28.1,23.1,2.7,0.7,0.2,0.4,0.6,1.1,0.7,0.2,0.3,0.1,0.1,0.0,0.0,0.0,0.0,0.0,0.014,3.69,1.01,96.0,9.6e-05,748.0,,34.1,2.66,0.341,7.382186284000002e-13,7.382186284000002e-13,1506.1,39.805237,2.12072,0.015597,26.662216,0.15,0.5,0.35,,,clay composition estimated,55.54988433911337,-9.478131661767991,0.7894343152804101,-4.116300279458338,0.7894343152804101,9.66512508155308e-05,1.3193425332374294e-23,3.785515977562922e-26,3.185373282062807e-27,3.830207416407032e-26,1.4333430499854805e-12,0.0,9.253933089859001e-13
53,53,AST-02,51,1506.4,NMRFS,Zand van Berg,1.7,1.7,2.7,3.8,2.8,1.5,0.8,1.3,0.7,6.2,15.3,31.3,25.7,2.9,1.0,0.2,0.3,0.4,0.5,0.5,0.2,0.2,0.0,0.0,0.0,0.0,0.0,0.0,0.0,0.017,3.7,0.99,96.0,9.6e-05,793.0,,35.3,2.67,0.353,7.826301769e-13,7.826301769e-13,1506.4,40.763367,2.098352,0.002161,27.505245,0.15,0.5,0.35,,,clay composition estimated,62.706033279238774,-9.539439642971647,0.8874659946244318,-4.142925997391714,0.8874659946244318,9.280957904653022e-05,2.6883944443373006e-23,7.66339611588594e-26,5.771182818822111e-27,7.465815907611774e-26,1.3520539281398364e-12,0.0,8.046544728027154e-13
54,54,AST-02,52,1506.7,NMRFS,Zand van Berg,1.1,1.1,1.3,2.4,1.9,1.3,0.8,1.4,1.7,5.2,15.6,32.1,29.0,3.2,1.3,0.2,0.2,0.3,0.4,0.3,0.1,0.1,0.1,0.0,0.0,0.0,0.0,0.0,0.0,0.011,3.61,0.89,96.0,9.6e-05,1270.0,,35.6,2.66,0.35600000000000004,1.253392591e-12,1.253392591e-12,1506.7,44.805428000000006,2.093804,0.005078,27.945068,0.15,0.5,0.35,,,clay composition estimated,46.03326638745718,-9.392659216645256,0.6796834965811066,-4.079180068186754,0.6796834965811066,9.210708186152299e-05,5.4644954672212354e-24,1.5806417948395457e-26,1.5259674756928966e-27,1.676062032286102e-26,2.6257578608554687e-12,0.0,1.8327788473127482e-12
55,55,AST-02,53,1507.0,NMRFS,Zand van Berg,1.3,1.3,2.0,3.3,2.5,1.5,0.7,1.3,0.8,4.6,13.1,32.7,30.5,3.4,1.6,0.2,0.1,0.1,0.1,0.2,0.0,0.0,0.0,0.0,0.0,0.0,0.0,0.0,0.0,0.013,3.65,0.91,96.0,9.6e-05,1550.0,,38.1,2.65,0.381,1.529731115e-12,1.529731115e-12,1507.0,47.184578,2.103652,0.014231,27.75,0.15,0.5,0.35,,,clay composition estimated,55.12980617440557,-9.482638409515094,0.8073684848353812,-4.118257535136234,0.8073684848353812,9.093530368852422e-05,1.0059977319052697e-23,2.893650572486677e-26,2.5400323436069468e-27,2.970341134813373e-26,2.6604939628866047e-12,0.0,1.7522023176692383e-12
56,56,AST-02,54,1507.3,NMRFS,Zand van Berg,1.8,1.8,1.9,3.6,3.0,1.9,1.2,1.4,0.4,5.5,18.4,32.7,24.1,2.0,1.2,0.3,0.1,0.1,0.2,0.2,0.0,0.0,0.0,0.0,0.0,0.0,0.0,0.0,0.0,0.018000000000000002,3.74,3.95,96.0,9.6e-05,620.0,,34.3,2.65,0.343,6.118924460000002e-13,6.118924460000002e-13,1507.3,45.538811,2.109222,0.019571,27.71677,0.15,0.5,0.35,,,clay composition estimated,57.40305389612893,-9.5184687229672,0.8643333168379588,-4.133818442553348,0.8643333168379588,0.00010421243577175661,3.3165757908149075e-23,9.43584110787809e-26,6.877131327545546e-27,9.090470456759721e-26,1.384363446882238e-12,0.0,8.016082455147598e-13
57,57,AST-02,55,1507.6,NMRFS,Zand van Berg,1.1,1.1,1.5,2.5,2.0,1.5,0.9,1.5,1.2,6.2,19.1,35.4,22.4,1.8,1.7,0.4,0.2,0.1,0.1,0.1,0.1,0.1,0.0,0.1,0.0,0.0,0.0,0.0,0.0,0.011,3.66,0.88,96.0,9.6e-05,1180.0,,35.5,2.65,0.355,1.164569494e-12,1.164569494e-12,1507.6,39.339523,2.098201,0.016441,27.190784000000004,0.15,0.5,0.35,,,clay composition estimated,48.832091908954546,-9.458541481008023,0.7809758576223388,-4.107792372054795,0.7809758576223388,9.163808867711016e-05,5.4644954672212354e-24,1.5806417948395457e-26,1.5259674756928966e-27,1.676062032286102e-26,2.298266432918212e-12,0.0,1.6065422851206112e-12
58,58,AST-02,56,1507.9,NMRFS,Zand van Berg,0.9,0.9,1.3,2.0,1.8,1.2,0.8,1.2,1.0,6.9,22.2,30.0,21.9,3.8,3.5,0.9,0.3,0.1,0.1,0.0,0.0,0.0,0.1,0.0,0.0,0.0,0.0,0.0,0.0,0.009000000000000001,3.6,0.83,96.0,9.6e-05,1550.0,,35.6,2.65,0.35600000000000004,1.529731115e-12,1.529731115e-12,1507.9,38.687035,2.096524,0.018616,26.874233,0.15,0.5,0.35,,,clay composition estimated,44.7698184578136,-9.444396201270354,0.6975705051839751,-4.1016491551197465,0.6975705051839751,9.105660219752594e-05,2.629130940482188e-24,7.656210236571374e-27,8.284349389251575e-28,8.440519937151968e-27,2.77605197009601e-12,0.0,2.0548213368310947e-12
59,59,AST-02,57,1508.2,NMRFS,Zand van Berg,0.8,0.8,1.0,1.7,1.6,1.2,0.8,1.2,1.7,6.1,17.6,30.5,24.9,4.1,4.9,1.2,0.3,0.2,0.1,0.0,0.0,0.0,0.0,0.1,0.0,0.0,0.0,0.0,0.0,0.008,3.56,0.84,96.0,9.6e-05,1670.0,,34.8,2.65,0.348,1.648161911e-12,1.648161911e-12,1508.2,46.980316,2.1103560000000003,0.023765,27.293045000000006,0.15,0.5,0.35,,,clay composition estimated,40.73032547857324,-9.384600142600519,0.6575365973726949,-4.075680056799877,0.6575365973726949,9.33237463694093e-05,1.7123586176272097e-24,5.006182305639018e-27,5.791365914011325e-28,5.646325242571643e-27,2.9691868249036847e-12,0.0,2.263969395492721e-12
60,60,AST-02,58,1508.5,NMRFS,Zand van Berg,0.6,0.6,1.0,1.4,1.3,0.8,0.6,0.8,0.8,3.8,13.7,29.3,28.7,6.3,8.1,2.0,0.5,0.2,0.1,0.0,0.0,0.0,0.0,0.0,0.0,0.0,0.0,0.0,0.0,0.006,3.42,0.77,96.0,9.6e-05,1780.0,,36.3,2.65,0.363,1.756723474e-12,1.756723474e-12,1508.5,50.056923,2.1244650000000003,0.027938,27.406384000000006,0.15,0.5,0.35,,,clay composition estimated,37.409940567570274,-9.254248425981524,0.6702854584658468,-4.01906902556563,0.6702854584658468,0.00010464740490635912,6.018213266372612e-25,1.7764394652155557e-27,2.4189087029060347e-28,2.1181765681862384e-27,4.418953876644558e-12,0.0,3.576047878052682e-12
61,61,AST-02,59,1508.8,NMRFS,Zand van Berg,0.6,0.6,1.1,1.5,1.5,1.0,0.8,1.3,1.3,5.0,14.9,26.9,27.7,6.2,7.0,2.0,0.5,0.3,0.2,0.1,0.0,0.0,0.1,0.0,0.0,0.0,0.0,0.0,0.0,0.006,3.48,0.84,115.0,0.000115,1410.0,,34.9,2.64,0.349,1.391561853e-12,1.391561853e-12,1508.8,48.397858,2.122377,0.023307,27.35107,0.15,0.5,0.35,,,clay composition estimated,39.580776158678134,-9.326240194962685,0.6781526289919274,-4.050334653576602,0.6781526289919274,0.00010374395690599827,6.018213266372612e-25,1.7764394652155557e-27,2.4189087029060347e-28,2.1181765681862384e-27,3.192635194893578e-12,0.0,2.5886907631105086e-12
62,62,AST-02,62,1509.7,NMRFS,Zand van Berg,0.5,0.5,0.7,1.3,1.2,0.8,0.7,0.7,0.2,3.9,13.9,23.0,27.1,11.5,12.4,1.5,0.3,0.1,0.1,0.0,0.0,0.0,0.1,0.0,0.0,0.0,0.0,0.0,0.0,0.005,3.34,0.74,115.0,0.000115,2740.0,,37.1,2.64,0.371,2.704169842e-12,2.704169842e-12,1509.7,50.622765,2.135042,0.028913,27.579166,0.15,0.5,0.35,,,clay composition estimated,34.025485154845235,-9.228417343099096,0.5971791110507298,-4.007850728808207,0.5971791110507298,0.00010886245545181185,3.1051629216212794e-25,9.221608563431478e-28,1.3921192606203221e-28,1.1389450075105676e-27,6.0214502700355085e-12,0.0,5.024410473171818e-12
63,63,AST-02,63,1510.0,NMRFS,Zand van Berg,1.0,1.0,1.5,2.0,1.6,1.0,0.7,1.1,1.1,5.3,15.1,18.7,27.3,11.0,10.5,1.4,0.3,0.1,0.1,0.1,0.0,0.0,0.1,0.0,0.0,0.0,0.0,0.0,0.0,0.01,3.46,0.88,115.0,0.000115,1220.0,,35.2,2.64,0.35200000000000004,1.2040464259999996e-12,1.2040464259999996e-12,1510.0,50.14817,2.133821,0.034518,27.599873,0.15,0.5,0.35,,,clay composition estimated,43.72604746863815,-9.309576403922224,0.7739505024986332,-4.043097661080139,0.7739505024986332,0.00012444318328098142,3.859737654238612e-24,1.1200256198592799e-26,1.1415061052550387e-27,1.2098040388140247e-26,2.7385515584384894e-12,0.0,1.9677633289694394e-12
64,64,AST-02,68,1511.5,NMRFS,Zand van Berg,0.9,0.9,2.3,3.0,2.4,1.3,0.8,0.9,1.6,6.4,16.5,29.4,26.8,2.7,3.5,0.7,0.3,0.2,0.1,0.1,0.1,0.0,0.0,0.0,0.0,0.0,0.0,0.0,0.0,0.009000000000000001,3.65,0.92,69.0,6.9e-05,1210.0,,35.0,2.63,0.35,1.194177193e-12,1.194177193e-12,1511.5,52.380943,2.12114,0.035168,27.353363,0.15,0.5,0.35,,,clay composition estimated,56.30108391998254,-9.453270507540301,0.8592616721407502,-4.105503217363506,0.8592616721407502,0.00010382630913663471,2.629130940482188e-24,7.656210236571374e-27,8.284349389251575e-28,8.440519937151968e-27,1.6022141380529695e-12,0.0,1.1918329759419068e-12
65,65,AST-02,69,1511.8,NMRFS,Zand van Berg,0.9,0.9,2.7,3.6,3.1,1.6,1.0,1.2,1.5,5.9,14.1,25.7,29.8,3.7,4.1,0.6,0.2,0.1,0.1,0.1,0.0,0.0,0.0,0.0,0.0,0.0,0.0,0.0,0.0,0.009000000000000001,3.69,0.98,115.0,0.000115,651.0,,33.8,2.65,0.338,6.424870683e-13,6.424870683e-13,1511.8,53.8564,2.111427,0.03,27.389542,0.15,0.5,0.35,,,clay composition estimated,62.61165740613346,-9.543001861773927,0.8915764314641432,-4.144473049360875,0.8915764314641432,9.552041840940908e-05,2.629130940482188e-24,7.656210236571374e-27,8.284349389251575e-28,8.440519937151968e-27,1.0770389439629126e-12,0.0,8.040418369221284e-13
66,66,AST-02,70,1512.75,NMRFS,Zand van Berg,0.4,0.4,1.2,1.7,1.3,0.7,0.6,0.9,1.3,5.6,14.2,28.3,36.4,3.3,3.2,0.3,0.2,0.1,0.1,0.0,0.0,0.0,0.0,0.1,0.0,0.0,0.0,0.1,0.0,0.004,3.49,0.78,115.0,0.000115,1350.0,,36.6,2.65,0.366,1.332346455e-12,1.332346455e-12,1512.8,58.077934,2.121296,0.035929,27.797321000000004,0.15,0.5,0.35,,,clay composition estimated,40.800708845088025,-9.34489586917188,0.6077249020984719,-4.058436709941838,0.6077249020984719,9.937620439979584e-05,1.3826438128800972e-25,4.136754798244756e-28,7.084445950582227e-29,5.333883168095532e-28,3.886123723292148e-12,0.0,3.3578920534119757e-12
67,67,AST-02,71,1513.25,NMRFS,Zand van Berg,0.2,0.2,1.0,1.9,2.1,1.4,1.0,1.1,1.3,7.6,17.9,28.2,31.5,2.4,1.8,0.2,0.1,0.1,0.1,0.1,0.0,0.0,0.0,0.0,0.0,0.0,0.0,0.0,0.0,0.002,3.6,0.81,115.0,0.000115,713.0,,35.5,2.64,0.355,7.036763129000001e-13,7.036763129000001e-13,1513.3,53.028275,2.210226,0.048803,27.230858,0.15,0.5,0.35,,,clay composition estimated,43.07083040805048,-9.416744549125971,0.637975880498166,-4.0896401951779335,0.637975880498166,9.501976828430323e-05,1.1245778480273081e-26,3.443082752023639e-29,8.719110014851087e-30,5.073263435566674e-29,2.9542316227964156e-12,0.0,2.734728573673081e-12
68,68,AST-02,72,1513.75,NLLFR,Basaal Zand van Dongen,0.3,0.3,1.4,2.6,2.9,1.9,1.2,1.3,1.4,5.8,15.9,30.1,31.0,2.0,1.7,0.2,0.1,0.1,0.1,0.0,0.0,0.0,0.0,0.0,0.0,0.0,0.0,0.0,0.0,0.003,3.66,0.89,115.0,0.000115,1010.0,,35.6,2.64,0.35600000000000004,9.96792533e-13,9.96792533e-13,1513.8,54.188141,2.243093,0.048834,26.752159,0.15,0.5,0.35,,,clay composition estimated,50.20595616015161,-9.462233737704144,0.8004096814884168,-4.10939589876369,0.8004096814884168,9.687063421348574e-05,4.8771639916180287e-26,1.473238892980701e-28,2.9680215092217997e-29,2.0078217615148857e-28,2.2074342354705605e-12,0.0,1.9758969277559206e-12
69,69,AST-02,73,1514.25,NLLFR,Basaal Zand van Dongen,0.3,0.3,1.2,2.3,2.5,1.7,1.2,1.3,1.7,7.3,16.3,28.7,31.8,2.0,1.2,0.1,0.1,0.1,0.1,0.0,0.0,0.1,0.0,0.0,0.0,0.0,0.0,0.0,0.0,0.003,3.65,0.87,115.0,0.000115,871.0,,35.2,2.65,0.35200000000000004,8.596101943000001e-13,8.596101943000001e-13,1514.3,53.394707,2.274233,0.052235,26.19865,0.15,0.5,0.35,,,clay composition estimated,47.06459187878389,-9.47512802929905,0.6743586042932237,-4.114995818451408,0.6743586042932237,9.271131111312348e-05,4.8771639916180287e-26,1.473238892980701e-28,2.9680215092217997e-29,2.0078217615148857e-28,2.3638111206888688e-12,0.0,2.1154370610689093e-12
70,70,AST-02,74,1514.72,NLLFR,Basaal Zand van Dongen,0.4,0.4,1.3,2.4,2.4,1.4,0.8,0.9,1.5,8.2,19.2,30.6,28.2,1.4,0.9,0.1,0.1,0.1,0.1,0.0,0.0,0.0,0.0,0.0,0.0,0.0,0.0,0.0,0.0,0.004,3.65,0.83,96.0,9.6e-05,716.0,,34.4,2.66,0.344,7.066370828e-13,7.066370828e-13,1514.7,51.592789,2.255985,0.033285,26.372444,0.15,0.5,0.35,,,clay composition estimated,47.7750451777579,-9.448664537397054,0.7403549356045159,-4.103502869946483,0.7403549356045159,9.27210793959474e-05,1.3826438128800972e-25,4.136754798244756e-28,7.084445950582227e-29,5.333883168095532e-28,2.029580032602678e-12,0.0,1.7582666182250699e-12
71,71,AST-02,75,1515.25,NLLFR,Basaal Zand van Dongen,18.2,18.2,2.8,7.1,8.6,7.5,5.8,16.7,29.0,3.0,0.2,0.3,0.3,0.1,0.0,0.1,0.1,0.1,0.1,0.0,0.0,0.0,0.0,0.0,0.0,0.0,0.0,0.0,0.0,0.182,,,56.0,5.600000000000001e-05,28.5,,30.4,2.67,0.304,2.8127314049999995e-14,2.8127314049999995e-14,1515.3,55.140327,2.287974,0.039887,26.806061,0.15,0.5,0.35,,,clay composition estimated,98.55246539913448,-10.425553659992175,0.7726622441872562,-4.5277604253208565,0.7726622441872562,3.832181824559663e-05,2.716345917601845e-19,7.114335739751205e-22,1.2726537269896543e-23,4.24437285501857e-22,2.5288720864352404e-13,0.0,6.395230996585853e-15
72,72,AST-02,76,1515.75,NLLFR,Basaal Zand van Dongen,11.0,11.0,5.0,8.9,11.4,10.0,8.1,15.7,26.4,2.5,0.2,0.1,0.1,0.0,0.1,0.1,0.1,0.1,0.1,0.1,0.0,0.0,0.0,0.0,0.0,0.0,0.0,0.0,0.0,0.11,,,56.0,5.600000000000001e-05,14.9,,29.7,2.67,0.297,1.4705157169999994e-14,1.4705157169999994e-14,1515.8,48.548515,2.228168,0.041105,27.456261,0.15,0.5,0.35,,,clay composition estimated,129.90692898841635,-10.568671711664226,0.8993664247463165,-4.5899158054227716,0.8993664247463165,3.864386086586301e-05,3.25399590609645e-20,8.690211918882214e-23,2.1640695375472524e-24,5.803936577864977e-23,1.2966026920450697e-13,0.0,1.214528331911262e-14
73,73,AST-02,77,1516.28,NLLFR,Basaal Zand van Dongen,4.6,4.6,9.9,13.4,13.6,9.5,5.0,3.9,11.9,25.2,2.3,0.3,0.1,0.0,0.0,0.0,0.1,0.1,0.1,0.0,0.0,0.0,0.0,0.0,0.0,0.0,0.0,0.0,0.0,0.046,,,69.0,6.9e-05,8.13,,22.6,2.65,0.226,8.023686429e-15,8.023686429e-15,1516.3,47.846588,2.170016,0.017289,27.427448,0.15,0.5,0.35,,,clay composition estimated,181.0789357464014,-10.666378619051432,1.1391741793028072,-4.632349376144865,1.1391741793028072,2.8911767635233863e-05,1.0885953528513739e-21,2.9993831085957643e-24,1.2685251442838307e-25,2.3999413035783358e-24,1.8442299615931113e-14,0.0,6.47257078284939e-15
74,74,AST-02,78,1516.78,NLLFR,Basaal Zand van Dongen,13.5,13.5,10.0,15.5,20.2,16.1,11.4,7.1,2.4,3.2,0.2,0.0,0.1,0.0,0.0,0.1,0.0,0.0,0.1,0.1,0.0,0.0,0.0,0.0,0.0,0.0,0.0,0.0,0.0,0.135,,,12.0,1.2e-05,3.88,,26.1,2.67,0.261,3.829262404e-15,3.829262404e-15,1516.8,48.02784000000001,2.181334,0.027882,26.479534,0.15,0.5,0.35,,,clay composition estimated,204.35510766864456,-11.116041500089104,0.9414432680879432,-4.827635484096244,0.9414432680879432,1.5438732907510604e-05,7.552943835549323e-20,2.0015704405432173e-22,4.371215240083836e-24,1.2782436524375807e-22,2.812079981702279e-14,0.0,2.1028184341465e-15
